artist,tier,parent_group,x_url,x_source,instagram_url,instagram_source,completeness,original_status,wikidata_id,wikidata_source,note
&TEAM,core,,https://x.com/andTEAMofficial,wikidata_direct,https://www.instagram.com/andteam_official/,wikidata_direct,both,ok_both,Q112834233,https://www.wikidata.org/wiki/Q112834233,
(G)I-DLE,core,,https://x.com/official_i_dle,wikidata_direct,https://www.instagram.com/i_dle_official/,wikidata_direct,both,ok_both,Q51885404,https://www.wikidata.org/wiki/Q51885404,
aespa,core,,https://x.com/aespa_official,wikidata_direct,https://www.instagram.com/aespa_official/,wikidata_direct,both,ok_both,Q100877982,https://www.wikidata.org/wiki/Q100877982,
ATEEZ,core,,https://x.com/ATEEZofficial,wikidata_direct,https://www.instagram.com/ateez_official_/,wikidata_direct,both,ok_both,Q59793088,https://www.wikidata.org/wiki/Q59793088,
AtHeart,core,,https://x.com/atheartofficial,manual_news_source,https://www.instagram.com/atheart__official/,manual_news_source,both,not_found,,,
BABYMONSTER,core,,https://x.com/YGBABYMONSTER_,wikidata_direct,https://www.instagram.com/babymonster_ygofficial/,wikidata_direct,both,ok_both,Q115967938,https://www.wikidata.org/wiki/Q115967938,
BLACKPINK,core,,https://x.com/blackpink,wikidata_direct,https://www.instagram.com/blackpinkofficial/,wikidata_direct,both,ok_both,Q25056945,https://www.wikidata.org/wiki/Q25056945,
BOYNEXTDOOR,core,,https://x.com/BOYNEXTDOOR_KOZ,wikidata_direct,https://www.instagram.com/boynextdoor_official/,wikidata_direct,both,ok_both,Q118178306,https://www.wikidata.org/wiki/Q118178306,
BTOB,core,,https://x.com/OFFICIALBTOB,wikidata_direct,https://www.instagram.com/official_btob/,wikidata_direct,both,ok_both,Q491067,https://www.wikidata.org/wiki/Q491067,
BTS,core,,https://x.com/BTS_twt,wikidata_direct,https://www.instagram.com/bts.bighitofficial/,wikidata_direct,both,ok_both,Q13580495,https://www.wikidata.org/wiki/Q13580495,
CRAVITY,core,,https://x.com/CRAVITY_twt,wikidata_direct,https://www.instagram.com/cravity_official/,wikidata_direct,both,ok_both,Q90628571,https://www.wikidata.org/wiki/Q90628571,
DAY6,core,,https://x.com/day6official,wikidata_direct,https://www.instagram.com/day6kilogram/,wikidata_direct,both,ok_both,Q20898046,https://www.wikidata.org/wiki/Q20898046,
Dreamcatcher,core,,https://x.com/hf_dreamcatcher,wikidata_direct,https://www.instagram.com/hf_dreamcatcher/,wikidata_direct,both,ok_both,Q20684822,https://www.wikidata.org/wiki/Q20684822,
ENHYPEN,core,,https://x.com/ENHYPEN,wikidata_direct,https://www.instagram.com/enhypen/,wikidata_direct,both,ok_both,Q99479445,https://www.wikidata.org/wiki/Q99479445,
EVNNE,core,,https://x.com/EVNNE_official,wikidata_direct,https://www.instagram.com/evnne_official/,wikidata_direct,both,ok_both,Q121493651,https://www.wikidata.org/wiki/Q121493651,
EXO,core,,https://x.com/weareoneEXO,wikidata_direct,https://www.instagram.com/weareone.exo/,wikidata_direct,both,ok_both,Q494717,https://www.wikidata.org/wiki/Q494717,
FIFTY FIFTY,core,,https://x.com/we_fiftyfifty,wikidata_direct,https://www.instagram.com/we_fiftyfifty/,wikidata_direct,both,ok_both,Q116731010,https://www.wikidata.org/wiki/Q116731010,
fromis_9,core,,https://x.com/realfromis_9,wikidata_direct,https://www.instagram.com/officialfromis_9/,wikidata_direct,both,ok_both,Q41398331,https://www.wikidata.org/wiki/Q41398331,
Hearts2Hearts,core,,https://x.com/Hearts2Hearts,manual_sm_artist_page,https://www.instagram.com/hearts2hearts/,manual_sm_artist_page,both,not_found,,,
ifeye,core,,https://x.com/ifeye_official,manual_news_source,https://www.instagram.com/ifeye.official/,manual_news_source,both,not_found,,,
INFINITE,core,,https://x.com/INFINITE_UM,wikidata_direct,https://www.instagram.com/official_ifnt_/,wikidata_direct,both,ok_both,Q50598,https://www.wikidata.org/wiki/Q50598,
ITZY,core,,https://x.com/ITZYofficial,wikidata_direct,https://www.instagram.com/itzy.all.in.us/,wikidata_direct,both,ok_both,Q60732823,https://www.wikidata.org/wiki/Q60732823,
IVE,core,,https://x.com/IVE_twt,wikidata_direct,https://www.instagram.com/ivestarship/,wikidata_direct,both,ok_both,Q109375061,https://www.wikidata.org/wiki/Q109375061,
KARD,core,,https://x.com/kard_official,wikidata_direct,https://www.instagram.com/official_kard/,wikidata_direct,both,ok_both,Q27989963,https://www.wikidata.org/wiki/Q27989963,
Kep1er,core,,https://x.com/official_kep1er,manual_kprofiles,https://www.instagram.com/official.kep1er/,manual_kprofiles,both,no_social,Q126946056,https://www.wikidata.org/wiki/Q126946056,
KickFlip,core,,https://x.com/KickFlip_jype,manual_news_source,https://www.instagram.com/kickflip_jype/,manual_news_source,both,not_found,,,
KiiiKiii,core,,https://x.com/We_KiiiKiii,manual_news_source,https://www.instagram.com/we_kiiikiii/,manual_news_source,both,not_found,,,
KISS OF LIFE,core,,https://x.com/KISSOFLIFE_S2,wikidata_direct,https://www.instagram.com/kissoflife_s2/,wikidata_direct,both,ok_both,Q118314702,https://www.wikidata.org/wiki/Q118314702,
LE SSERAFIM,core,,https://x.com/le_sserafim,wikidata_direct,https://www.instagram.com/le_sserafim/,wikidata_direct,both,ok_both,Q111381707,https://www.wikidata.org/wiki/Q111381707,
MAMAMOO,core,,https://x.com/rbw_mamamoo,wikidata_direct,https://www.instagram.com/mamamoo_official/,wikidata_direct,both,ok_both,Q17278068,https://www.wikidata.org/wiki/Q17278068,
MEOVV,core,,https://x.com/OFFICIAL_MEOVV,wikidata_direct,https://www.instagram.com/meovv/,wikidata_direct,both,ok_both,Q130084175,https://www.wikidata.org/wiki/Q130084175,
MONSTA X,core,,https://x.com/officialmonstax,wikidata_direct,https://www.instagram.com/official_monsta_x/,wikidata_direct,both,ok_both,Q19855151,https://www.wikidata.org/wiki/Q19855151,
NCT 127,core,,https://x.com/NCTsmtown_127,wikidata_direct,https://www.instagram.com/nct127/,wikidata_direct,both,ok_both,Q55624444,https://www.wikidata.org/wiki/Q55624444,
NCT DREAM,core,,https://x.com/nctsmtown_dream,wikidata_direct,https://www.instagram.com/nct_dream/,wikidata_direct,both,ok_both,Q47002841,https://www.wikidata.org/wiki/Q47002841,
NCT WISH,core,,https://x.com/nctwishofficial,wikidata_direct,https://www.instagram.com/nctwish_official/,wikidata_direct,both,ok_both,Q122575981,https://www.wikidata.org/wiki/Q122575981,
NewJeans,core,,https://x.com/NewJeans_twt,wikidata_direct,https://www.instagram.com/newjeans_official/,wikidata_direct,both,ok_both,Q113189277,https://www.wikidata.org/wiki/Q113189277,
NEXZ,core,,https://x.com/NEXZ_official,wikidata_direct,https://www.instagram.com/real_nexz/,wikidata_direct,both,ok_both,Q123865358,https://www.wikidata.org/wiki/Q123865358,
NMIXX,core,,https://x.com/NMIXX_official,wikidata_direct,https://www.instagram.com/nmixx_official/,wikidata_direct,both,ok_both,Q109307762,https://www.wikidata.org/wiki/Q109307762,
P1Harmony,core,,https://x.com/p1h_official,wikidata_direct,https://www.instagram.com/p1h_official/,wikidata_direct,both,ok_both,Q101529383,https://www.wikidata.org/wiki/Q101529383,
PLAVE,core,,https://x.com/plave_official,wikidata_direct,https://www.instagram.com/plave_official/,wikidata_direct,both,ok_both,Q119025962,https://www.wikidata.org/wiki/Q119025962,
QWER,core,,https://x.com/official_QWER,wikidata_direct,https://www.instagram.com/qwerband_official/,wikidata_direct,both,ok_both,Q124412677,https://www.wikidata.org/wiki/Q124412677,
Red Velvet,core,,https://x.com/RVsmtown,wikidata_direct,https://www.instagram.com/redvelvet.smtown/,wikidata_direct,both,ok_both,Q17466114,https://www.wikidata.org/wiki/Q17466114,
RESCENE,core,,https://x.com/RESCENEofficial,manual_news_source,https://www.instagram.com/rescene.official/,manual_news_source,both,not_found,,,
RIIZE,core,,https://x.com/riize_official,wikidata_direct,https://www.instagram.com/riize_official/,wikidata_direct,both,ok_both,Q121075203,https://www.wikidata.org/wiki/Q121075203,
SEVENTEEN,core,,https://x.com/pledis_17,wikidata_direct,https://www.instagram.com/saythename_17/,wikidata_direct,both,ok_both,Q14524548,https://www.wikidata.org/wiki/Q14524548,
SHINee,core,,https://x.com/shinee,wikidata_direct,https://www.instagram.com/shinee/,wikidata_direct,both,ok_both,Q269836,https://www.wikidata.org/wiki/Q269836,
STAYC,core,,https://x.com/stayc_official,wikidata_direct,https://www.instagram.com/stayc_highup/,wikidata_direct,both,ok_both,Q101541493,https://www.wikidata.org/wiki/Q101541493,
Stray Kids,core,,https://x.com/Stray_Kids,wikidata_direct,https://www.instagram.com/realstraykids/,wikidata_direct,both,ok_both,Q46134670,https://www.wikidata.org/wiki/Q46134670,
THE BOYZ,core,,https://x.com/IST_THEBOYZ,wikidata_direct,https://www.instagram.com/official_theboyz/,wikidata_direct,both,ok_both,Q41949104,https://www.wikidata.org/wiki/Q41949104,
TOMORROW X TOGETHER,core,,https://x.com/TXT_members,wikidata_direct,https://www.instagram.com/txt_bighit/,wikidata_direct,both,ok_both,Q60550265,https://www.wikidata.org/wiki/Q60550265,
TREASURE,core,,https://x.com/ygtreasuremaker,wikidata_direct,https://www.instagram.com/yg_treasure_official/,wikidata_direct,both,ok_both,Q61057550,https://www.wikidata.org/wiki/Q61057550,
tripleS,core,,https://x.com/triplescosmos,wikidata_direct,https://www.instagram.com/triplescosmos/,wikidata_direct,both,ok_both,Q115099831,https://www.wikidata.org/wiki/Q115099831,
TWICE,core,,https://x.com/JYPETWICE,wikidata_direct,https://www.instagram.com/twicetagram/,wikidata_direct,both,ok_both,Q20645861,https://www.wikidata.org/wiki/Q20645861,
TWS,core,,https://x.com/tws_pledis,wikidata_direct,https://www.instagram.com/tws_pledis/,wikidata_direct,both,ok_both,Q124091148,https://www.wikidata.org/wiki/Q124091148,
UNIS,core,,https://x.com/UNIS_offcl,wikidata_direct,https://www.instagram.com/unis_offcl/,wikidata_direct,both,ok_both,Q124362218,https://www.wikidata.org/wiki/Q124362218,
VIVIZ,core,,https://x.com/VIVIZ_official,wikidata_direct,https://www.instagram.com/viviz_official/,wikidata_direct,both,ok_both,Q108853211,https://www.wikidata.org/wiki/Q108853211,
WayV,core,,https://x.com/WayV_official,wikidata_direct,https://www.instagram.com/wayvofficial/,wikidata_direct,both,ok_both,Q60062907,https://www.wikidata.org/wiki/Q60062907,
Xdinary Heroes,core,,https://x.com/XH_official,wikidata_direct,https://www.instagram.com/xdinaryheroes_official/,wikidata_direct,both,ok_both,Q109579414,https://www.wikidata.org/wiki/Q109579414,
xikers,core,,https://x.com/xikers_official,wikidata_direct,https://www.instagram.com/xikers_official/,wikidata_direct,both,ok_both,Q117191573,https://www.wikidata.org/wiki/Q117191573,
ZEROBASEONE,core,,https://x.com/ZB1_official,wikidata_direct,https://www.instagram.com/zb1official/,wikidata_direct,both,ok_both,Q117808633,https://www.wikidata.org/wiki/Q117808633,
82MAJOR,longtail,,https://x.com/82MAJOR_231011,wikidata_direct,https://www.instagram.com/82major_official/,wikidata_direct,both,ok_both,Q125200744,https://www.wikidata.org/wiki/Q125200744,
8TURN,longtail,,https://x.com/8TURN_official,wikidata_direct,https://www.instagram.com/8turn.official/,wikidata_direct,both,ok_both,Q116813012,https://www.wikidata.org/wiki/Q116813012,
AB6IX,longtail,,https://x.com/AB6IX,wikidata_direct,https://www.instagram.com/ab6ix_official/,wikidata_direct,both,ok_both,Q63852480,https://www.wikidata.org/wiki/Q63852480,
ALL(H)OURS,longtail,,https://x.com/ALL_H_OURS,wikidata_direct,https://www.instagram.com/all_h_ours/,wikidata_direct,both,ok_both,Q125201025,https://www.wikidata.org/wiki/Q125201025,
AMPERS&ONE,longtail,,https://x.com/_AMPERSANDONE_,wikidata_direct,https://www.instagram.com/ampersandone_official/,wikidata_direct,both,ok_both,Q123458788,https://www.wikidata.org/wiki/Q123458788,
ARTMS,longtail,,https://x.com/official_artms,wikidata_direct,https://www.instagram.com/official_artms/,wikidata_direct,both,ok_both,Q119692734,https://www.wikidata.org/wiki/Q119692734,
ATBO,longtail,,https://x.com/ATBO_ground,wikidata_direct,https://www.instagram.com/atboground/,wikidata_direct,both,ok_both,Q112972232,https://www.wikidata.org/wiki/Q112972232,
BADVILLAIN,longtail,,https://x.com/BADVILLAIN_BPM,manual_kprofiles,https://www.instagram.com/badvillain_bpm/,wikidata_direct,both,ok_ig_only,Q126365908,https://www.wikidata.org/wiki/Q126365908,
BAE173,longtail,,https://x.com/BAE173_official,wikidata_direct,https://www.instagram.com/official_pocketdolz/,wikidata_direct,both,ok_both,Q99610002,https://www.wikidata.org/wiki/Q99610002,
BLITZERS,longtail,,https://x.com/WUZO_BLITZERS,wikidata_direct,https://www.instagram.com/official_blitzers/,wikidata_direct,both,ok_both,Q106945617,https://www.wikidata.org/wiki/Q106945617,
cignature,longtail,,https://x.com/cignature_J9,wikidata_direct,https://www.instagram.com/cignature_j9/,wikidata_direct,both,ok_both,Q84311821,https://www.wikidata.org/wiki/Q84311821,
CIX,longtail,,https://x.com/cix_official,wikidata_direct,https://www.instagram.com/cix.official/,wikidata_direct,both,ok_both,Q63790991,https://www.wikidata.org/wiki/Q63790991,
CLASS:y,longtail,,https://x.com/M25_CLASSy,wikidata_direct,https://www.instagram.com/m25_classy/,wikidata_direct,both,ok_both,Q111103138,https://www.wikidata.org/wiki/Q111103138,
CSR,longtail,,https://x.com/CSR_offcl,manual_kprofiles,https://www.instagram.com/csr.offcl/,manual_kprofiles,both,not_found,,,
DKB,longtail,,https://x.com/DKB_BRAVE,wikidata_direct,https://www.instagram.com/official.dkb/,wikidata_direct,both,ok_both,Q85825168,https://www.wikidata.org/wiki/Q85825168,
DRIPPIN,longtail,,https://x.com/drippin,wikidata_direct,https://www.instagram.com/wearedrippin/,wikidata_direct,both,ok_both,Q101529768,https://www.wikidata.org/wiki/Q101529768,
DXMON,longtail,,https://x.com/DXMON_HM,manual_kprofiles,https://www.instagram.com/dxmon_hm/,manual_kprofiles,both,no_social,Q125200753,https://www.wikidata.org/wiki/Q125200753,
EPEX,longtail,,https://x.com/the_EPEX,wikidata_direct,https://www.instagram.com/epex.official/,wikidata_direct,both,ok_both,Q107387899,https://www.wikidata.org/wiki/Q107387899,
GHOST9,longtail,,https://x.com/GHOST9OFFICIAL,wikidata_direct,https://www.instagram.com/official.ghost9/,wikidata_direct,both,ok_both,Q99902508,https://www.wikidata.org/wiki/Q99902508,
H1-KEY,longtail,,https://x.com/H1KEY_official,wikidata_direct,https://www.instagram.com/h1key_official/,wikidata_direct,both,ok_both,Q111864756,https://www.wikidata.org/wiki/Q111864756,
izna,longtail,,https://x.com/izna_offcl,manual_kprofiles,https://www.instagram.com/izna_offcl/,wikidata_direct,both,ok_ig_only,Q127162707,https://www.wikidata.org/wiki/Q127162707,
JUST B,longtail,,https://x.com/JUSTB_Official,wikidata_direct,https://www.instagram.com/justb_ig_official/,wikidata_direct,both,ok_both,Q107548399,https://www.wikidata.org/wiki/Q107548399,
LIGHTSUM,longtail,,https://x.com/cube_lightsum,wikidata_direct,https://www.instagram.com/cube_lightsum/,wikidata_direct,both,ok_both,Q107005985,https://www.wikidata.org/wiki/Q107005985,
Loossemble,longtail,,https://x.com/Loossemble_twt,manual_kprofiles,https://www.instagram.com/loossemble.official/,wikidata_direct,both,ok_ig_only,Q121975741,https://www.wikidata.org/wiki/Q121975741,
LUN8,longtail,,https://x.com/LUN8_official,wikidata_direct,https://www.instagram.com/lun8_official/,wikidata_direct,both,ok_both,Q119521803,https://www.wikidata.org/wiki/Q119521803,
MCND,longtail,,https://x.com/mcndofficial_,wikidata_direct,https://www.instagram.com/mcnd_official/,wikidata_direct,both,ok_both,Q85873198,https://www.wikidata.org/wiki/Q85873198,
NOMAD,longtail,,https://x.com/nomad_is_here,manual_kprofiles,https://www.instagram.com/nomadaish88/,wikidata_direct,both,ok_ig_only,Q110205519,https://www.wikidata.org/wiki/Q110205519,
ONEUS,longtail,,https://x.com/official_oneus,wikidata_direct,https://www.instagram.com/official_oneus/,wikidata_direct,both,ok_both,Q60528927,https://www.wikidata.org/wiki/Q60528927,
ONEWE,longtail,,https://x.com/official_onewe,wikidata_direct,https://www.instagram.com/official_onewe/,wikidata_direct,both,ok_both,Q42288986,https://www.wikidata.org/wiki/Q42288986,
ONF,longtail,,https://x.com/WM_ONOFF,wikidata_direct,https://www.instagram.com/wm_onoff/,wikidata_direct,both,ok_both,Q35101861,https://www.wikidata.org/wiki/Q35101861,
POW,longtail,,https://x.com/POW_grid,manual_interview_source,https://www.instagram.com/pow_grid/,manual_interview_source,both,no_social,Q20727012,https://www.wikidata.org/wiki/Q20727012,
Purple Kiss,longtail,,https://x.com/RBW_PURPLEKISS,wikidata_direct,https://www.instagram.com/purplekiss_official/,wikidata_direct,both,ok_both,Q97780109,https://www.wikidata.org/wiki/Q97780109,
SAY MY NAME,longtail,,https://x.com/sa2m2nam3,manual_kprofiles,https://www.instagram.com/sa2m2nam3/,manual_kprofiles,both,no_social,Q130581752,https://www.wikidata.org/wiki/Q130581752,
TEMPEST,longtail,,https://x.com/TPST__official,manual_kprofiles,https://www.instagram.com/tpst__official/,manual_kprofiles,both,no_social,Q20998078,https://www.wikidata.org/wiki/Q20998078,
The KingDom,longtail,,https://x.com/TheKingDom_GF,manual_kprofiles,https://www.instagram.com/kingdom_gfent/,manual_kprofiles,both,not_found,,,
TIOT,longtail,,https://x.com/TIOT_NOW,manual_kprofiles,https://www.instagram.com/tiot_now/,manual_kprofiles,both,no_social,Q125200743,https://www.wikidata.org/wiki/Q125200743,
TNX,longtail,,https://x.com/TNX_Official,manual_kprofiles,https://www.instagram.com/official.tnx/,manual_kprofiles,both,no_social,Q3512268,https://www.wikidata.org/wiki/Q3512268,
TRENDZ,longtail,,https://x.com/trendz_offcl,wikidata_direct,https://www.instagram.com/trendz_offcl/,wikidata_direct,both,ok_both,Q110920749,https://www.wikidata.org/wiki/Q110920749,
VERIVERY,longtail,,https://x.com/by_verivery,wikidata_direct,https://www.instagram.com/the_verivery/,wikidata_direct,both,ok_both,Q60577989,https://www.wikidata.org/wiki/Q60577989,
Weeekly,longtail,,https://x.com/_Weeekly,wikidata_direct,https://www.instagram.com/_weeekly/,wikidata_direct,both,ok_both,Q65046002,https://www.wikidata.org/wiki/Q65046002,
WEi,longtail,,https://x.com/WEi_Official,manual_kprofiles,https://www.instagram.com/wei_official/,manual_kprofiles,both,no_social,Q7979726,https://www.wikidata.org/wiki/Q7979726,
WHIB,longtail,,https://x.com/whib_official,manual_kprofiles,https://www.instagram.com/whib_official/,wikidata_direct,both,ok_ig_only,Q123398518,https://www.wikidata.org/wiki/Q123398518,
woo!ah!,longtail,,https://x.com/wooah_nv,wikidata_direct,https://www.instagram.com/wooah_nv/,wikidata_direct,both,ok_both,Q94615987,https://www.wikidata.org/wiki/Q94615987,
YOUNG POSSE,longtail,,https://x.com/youngposseup,wikidata_direct,https://www.instagram.com/youngposseup/,wikidata_direct,both,ok_both,Q123099728,https://www.wikidata.org/wiki/Q123099728,
YOUNITE,longtail,,https://x.com/younite_offcl,wikidata_direct,https://www.instagram.com/younite_bnm/,wikidata_direct,both,ok_both,Q111199847,https://www.wikidata.org/wiki/Q111199847,
BAEKHYUN,solo,EXO,https://x.com/weareoneEXO,parent_fallback,https://www.instagram.com/weareone.exo/,parent_fallback,both,no_social,Q101442732,https://www.wikidata.org/wiki/Q101442732,x_fallback_to_parent;ig_fallback_to_parent
BIBI,solo,,https://x.com/nakedbibi,manual_kprofiles,https://www.instagram.com/nakedbibi/,manual_kprofiles,both,no_social,Q856260,https://www.wikidata.org/wiki/Q856260,
CHANYEOL,solo,EXO,https://x.com/weareoneEXO,parent_fallback,https://www.instagram.com/weareone.exo/,parent_fallback,both,not_found,,,x_fallback_to_parent;ig_fallback_to_parent
CHEN,solo,EXO,https://x.com/weareoneEXO,parent_fallback,https://www.instagram.com/weareone.exo/,parent_fallback,both,not_found,,,x_fallback_to_parent;ig_fallback_to_parent
CHUNG HA,solo,,https://x.com/CH_CHUN9HA,wikidata_direct,https://www.instagram.com/chungha_official/,wikidata_direct,both,ok_both,Q26214034,https://www.wikidata.org/wiki/Q26214034,
D.O.,solo,EXO,https://x.com/weareoneEXO,parent_fallback,https://www.instagram.com/weareone.exo/,parent_fallback,both,not_found,,,x_fallback_to_parent;ig_fallback_to_parent
DAE SUNG,solo,,,missing,,missing,missing,not_found,,,
DOYOUNG,solo,NCT 127,https://x.com/NCTsmtown_127,parent_fallback,https://www.instagram.com/do0_nct/,wikidata_direct,both,ok_ig_only,Q26689987,https://www.wikidata.org/wiki/Q26689987,x_fallback_to_parent
G-DRAGON,solo,,https://x.com/IBGDRGN,wikidata_direct,https://www.instagram.com/xxxibgdrgn/,wikidata_direct,both,ok_both,Q495577,https://www.wikidata.org/wiki/Q495577,
HWASA,solo,MAMAMOO,https://x.com/rbw_mamamoo,parent_fallback,https://www.instagram.com/_mariahwasa/,wikidata_direct,both,ok_ig_only,Q19603912,https://www.wikidata.org/wiki/Q19603912,x_fallback_to_parent
HYO,solo,,https://x.com/Hyoyeon_djhyo,wikidata_direct,https://www.instagram.com/hyoyeon_x_x/,wikidata_direct,both,ok_both,Q253619,https://www.wikidata.org/wiki/Q253619,
IRENE,solo,Red Velvet,https://x.com/RVsmtown,parent_fallback,https://www.instagram.com/redvelvet.smtown/,parent_fallback,both,not_found,,,x_fallback_to_parent;ig_fallback_to_parent
IU,solo,,https://x.com/_IUofficial,manual_agency_notice,https://www.instagram.com/iu_edamofficial/,manual_agency_notice,both,no_social,Q37549422,https://www.wikidata.org/wiki/Q37549422,
j-hope,solo,BTS,https://x.com/BTS_twt,parent_fallback,https://www.instagram.com/bts.bighitofficial/,parent_fallback,both,not_found,,,x_fallback_to_parent;ig_fallback_to_parent
JENNIE,solo,BLACKPINK,https://x.com/blackpink,parent_fallback,https://www.instagram.com/jennierubyjane/,wikidata_direct,both,ok_ig_only,Q26262599,https://www.wikidata.org/wiki/Q26262599,x_fallback_to_parent
JIHYO,solo,TWICE,https://x.com/JYPETWICE,parent_fallback,https://www.instagram.com/twicetagram/,parent_fallback,both,no_social,Q69511930,https://www.wikidata.org/wiki/Q69511930,x_fallback_to_parent;ig_fallback_to_parent
JIMIN,solo,BTS,https://x.com/BTS_twt,parent_fallback,https://www.instagram.com/bts.bighitofficial/,parent_fallback,both,not_found,,,x_fallback_to_parent;ig_fallback_to_parent
JIN,solo,BTS,https://x.com/BTS_twt,parent_fallback,https://www.instagram.com/bts.bighitofficial/,parent_fallback,both,not_found,,,x_fallback_to_parent;ig_fallback_to_parent
JISOO,solo,BLACKPINK,https://x.com/blackpink,parent_fallback,https://www.instagram.com/sooyaaa__/,wikidata_direct,both,ok_ig_only,Q27655361,https://www.wikidata.org/wiki/Q27655361,x_fallback_to_parent
JOY,solo,Red Velvet,https://x.com/RVsmtown,parent_fallback,https://www.instagram.com/redvelvet.smtown/,parent_fallback,both,not_found,,,x_fallback_to_parent;ig_fallback_to_parent
JUNG KOOK,solo,BTS,https://x.com/BTS_twt,parent_fallback,https://www.instagram.com/mnijungkook/,wikidata_direct,both,ok_ig_only,Q22338877,https://www.wikidata.org/wiki/Q22338877,x_fallback_to_parent
KAI,solo,EXO,https://x.com/weareoneEXO,parent_fallback,https://www.instagram.com/weareone.exo/,parent_fallback,both,not_found,,,x_fallback_to_parent;ig_fallback_to_parent
KEY,solo,SHINee,https://x.com/shinee,parent_fallback,https://www.instagram.com/shinee/,parent_fallback,both,not_found,,,x_fallback_to_parent;ig_fallback_to_parent
LISA,solo,BLACKPINK,https://x.com/blackpink,parent_fallback,https://www.instagram.com/lalalalisa_m/,wikidata_direct,both,ok_ig_only,Q26707663,https://www.wikidata.org/wiki/Q26707663,x_fallback_to_parent
MARK,solo,NCT 127,https://x.com/NCTsmtown_127,parent_fallback,https://www.instagram.com/nct127/,parent_fallback,both,not_found,,,x_fallback_to_parent;ig_fallback_to_parent
MINHO,solo,SHINee,https://x.com/shinee,parent_fallback,https://www.instagram.com/shinee/,parent_fallback,both,not_found,,,x_fallback_to_parent;ig_fallback_to_parent
MISAMO,solo,TWICE,https://x.com/JYPETWICE,parent_fallback,https://www.instagram.com/twicetagram/,parent_fallback,both,not_found,,,x_fallback_to_parent;ig_fallback_to_parent
MOONBYUL,solo,MAMAMOO,https://x.com/rbw_mamamoo,parent_fallback,https://www.instagram.com/mo_onbyul/,wikidata_direct,both,ok_ig_only,Q19483782,https://www.wikidata.org/wiki/Q19483782,x_fallback_to_parent
NAYEON,solo,TWICE,https://x.com/JYPETWICE,parent_fallback,https://www.instagram.com/twicetagram/,parent_fallback,both,no_social,Q69507784,https://www.wikidata.org/wiki/Q69507784,x_fallback_to_parent;ig_fallback_to_parent
ONEW,solo,SHINee,https://x.com/shinee,parent_fallback,https://www.instagram.com/shinee/,parent_fallback,both,not_found,,,x_fallback_to_parent;ig_fallback_to_parent
RM,solo,BTS,https://x.com/BTS_twt,parent_fallback,https://www.instagram.com/bts.bighitofficial/,parent_fallback,both,not_found,,,x_fallback_to_parent;ig_fallback_to_parent
ROSÉ,solo,BLACKPINK,https://x.com/blackpink,parent_fallback,https://www.instagram.com/roses_are_rosie/,wikidata_direct,both,ok_ig_only,Q27655344,https://www.wikidata.org/wiki/Q27655344,x_fallback_to_parent
SEULGI,solo,Red Velvet,https://x.com/RVsmtown,parent_fallback,https://www.instagram.com/redvelvet.smtown/,parent_fallback,both,not_found,,,x_fallback_to_parent;ig_fallback_to_parent
SOLAR,solo,MAMAMOO,https://x.com/rbw_mamamoo,parent_fallback,https://www.instagram.com/solarkeem/,manual_news_source,both,no_social,Q29441547,https://www.wikidata.org/wiki/Q29441547,x_fallback_to_parent
SUGA,solo,BTS,https://x.com/BTS_twt,parent_fallback,https://www.instagram.com/bts.bighitofficial/,parent_fallback,both,not_found,,,x_fallback_to_parent;ig_fallback_to_parent
SUHO,solo,EXO,https://x.com/weareoneEXO,parent_fallback,https://www.instagram.com/weareone.exo/,parent_fallback,both,not_found,,,x_fallback_to_parent;ig_fallback_to_parent
SUNMI,solo,,https://x.com/official_sunmi_,wikidata_direct,https://www.instagram.com/miyayeah/,wikidata_direct,both,ok_both,Q624995,https://www.wikidata.org/wiki/Q624995,
TAEMIN,solo,SHINee,https://x.com/shinee,parent_fallback,https://www.instagram.com/shinee/,parent_fallback,both,no_social,Q58608457,https://www.wikidata.org/wiki/Q58608457,x_fallback_to_parent;ig_fallback_to_parent
TAEYANG,solo,,https://x.com/Realtaeyang,wikidata_direct,https://www.instagram.com/__youngbae__/,wikidata_direct,both,ok_both,Q482991,https://www.wikidata.org/wiki/Q482991,
TAEYEON,solo,,https://x.com/GirlsGeneration,parent_fallback,https://www.instagram.com/girlsgeneration/,parent_fallback,both,not_found,,,x_fallback_to_parent;ig_fallback_to_parent
TAEYONG,solo,NCT 127,https://x.com/NCTsmtown_127,parent_fallback,https://www.instagram.com/nct127/,parent_fallback,both,no_social,Q18210467,https://www.wikidata.org/wiki/Q18210467,x_fallback_to_parent;ig_fallback_to_parent
TEN,solo,WayV,https://x.com/WayV_official,parent_fallback,https://www.instagram.com/wayvofficial/,parent_fallback,both,not_found,,,x_fallback_to_parent;ig_fallback_to_parent
V,solo,BTS,https://x.com/BTS_twt,parent_fallback,https://www.instagram.com/bts.bighitofficial/,parent_fallback,both,not_found,,,x_fallback_to_parent;ig_fallback_to_parent
WENDY,solo,Red Velvet,https://x.com/RVsmtown,parent_fallback,https://www.instagram.com/redvelvet.smtown/,parent_fallback,both,not_found,,,x_fallback_to_parent;ig_fallback_to_parent
WHEEIN,solo,MAMAMOO,https://x.com/rbw_mamamoo,parent_fallback,https://www.instagram.com/whee_inthemood/,wikidata_direct,both,ok_ig_only,Q19603930,https://www.wikidata.org/wiki/Q19603930,x_fallback_to_parent
XIUMIN,solo,EXO,https://x.com/weareoneEXO,parent_fallback,https://www.instagram.com/weareone.exo/,parent_fallback,both,not_found,,,x_fallback_to_parent;ig_fallback_to_parent
ZICO,solo,,https://x.com/ZICO92,wikidata_direct,https://www.instagram.com/woozico0914/,wikidata_direct,both,ok_both,Q7696122,https://www.wikidata.org/wiki/Q7696122,
