group,headline,scheduled_date,date_status,confidence,source_type,source_url,evidence_summary,tracking_status,review_reason,recommended_action
&TEAM,&TEAM sets April comeback with Japanese mini album ‘We on Fire’ - allkpop,,scheduled,0.76,news_rss,https://news.google.com/rss/articles/CBMiogFBVV95cUxNdzN5MmFQbjJLQVdlcktGS1V1MkZnLUxhVDBjQnNlbmtXSkxOZTJCMjVkNXptekllbE5mY2VSanJqZXV5SGJ1T3BPM1huZWlhbWhYeGFsOW55UlFSMDlCY29BYjNDZWxWUGV1RjdNb09MRFFHbWdRdkRKanBTS3lNVS05Xy0yZzVVOGRLZF9Dc1RhT2hVRUFfMFlTX0RELUYtcHc?oc=5,Future month reference: 2026-04. &TEAM sets April comeback with Japanese mini album ‘We on Fire’ allkpop,recent_release,inexact_date,Keep the candidate in review until an exact date appears.
AB6IX,AB6IX Unveils 'So Sweet' Ahead of March Album - 조선일보,,scheduled,0.46,news_rss,https://news.google.com/rss/articles/CBMijgFBVV95cUxNbHNMekRwTExfSmdJZlZ5ZXJwSkhsUFZObjJzZFREVjFHWG1TNHFWNmt4aVhqV1lvNVo5MVI4cXF5Z3FPWGtVUkxBUHNMQ05RWUhwYzl2R2FzWFZTcFZJQ0czOTI0MFVQZ2RLUFZaVkgtUnVITlZFMjZyakdNcjBUT0o1ZzJRVUFXVXdmZGdR?oc=5,Future month reference: 2026-03. AB6IX Unveils 'So Sweet' Ahead of March Album 조선일보,filtered_out,low_confidence ; inexact_date,Review the evidence and confidence score manually.
AB6IX,AB6IX begins the countdown for their March comeback with the full album ‘SEVEN : CRIMSON HORIZON’ - allkpop,,scheduled,0.58,news_rss,https://news.google.com/rss/articles/CBMizgFBVV95cUxPVmxkNlRtVUNEN2NvXzlKemx1eks1MmpKM1pYWHhXN0FOU0FzVUk4eEJBYkJ6bURfcVdhTktZcVZETVpsUWk5WVI5enBTbWhxdHYwMzdWLWp4aWQzaElURkxfSkZfSzNseERlcHU1eXA0Tm1IdzB4VUtCZVF1ZlRDNllGanktbXduODgzY3czb083djJrM2l2TzBoTjhfcVVteUxtTlFDS3BZMU40amVRaTRLOTY1Zy10eXljcVd1OURINmxNVHk3dE1GeWI2dw?oc=5,Future month reference: 2026-03. AB6IX begins the countdown for their March comeback with the full album ‘SEVEN : CRIMSON HORIZON’ allkpop,filtered_out,low_confidence ; inexact_date,Review the evidence and confidence score manually.
AB6IX,AB6IX announces March comeback with their first full album in 5 years - allkpop,,scheduled,0.76,news_rss,https://news.google.com/rss/articles/CBMirgFBVV95cUxNTTRFb2pHMTZWckFqWVRGMTVDTm51S2xhRGhZY3F6UXhzbXJaQUMzVTFMM094SGphU0I1VWd5VGVtbTZYeHVMRGx0QVRJU01xS2Y3ZUp4UmUtandjVk1LaUJGSWxWTnZVSExjRUY2eFJLeVZFSjZGNGdvVnpWZFNmVEw3MFZxMXh2cHNkeURSRWliMHNfMnlQTHk4bGhZNkx6ajdFYXBGejV5R2dHbkE?oc=5,Future month reference: 2026-03. AB6IX announces March comeback with their first full album in 5 years allkpop,filtered_out,inexact_date,Keep the candidate in review until an exact date appears.
ALL(H)OURS,ALL(H)OURS Sets March Comeback With 5th Mini-Album ‘NO DOUBT’ - hellokpop,,scheduled,0.76,news_rss,https://news.google.com/rss/articles/CBMikwFBVV95cUxOSE5EeC1kOFlYeXdfbjBKQkpEejdVY0xacGVqYjJmc3JLNFhIUVN1SEVhQWNXellSRnZxX2RGMGZ1N0ZPaXVuZm9XaVZhRk1tb2lQMndGUjJGQ3lxMGVkTTdHdnZVcWZKWlF5NTJjcXJaZjVRUkxVRWhLSlQ3NGFsSk5PSHNiNTZDMlctZ2RxTlV2WjQ?oc=5,Future month reference: 2026-03. ALL(H)OURS Sets March Comeback With 5th Mini-Album ‘NO DOUBT’ hellokpop,recent_release,inexact_date,Keep the candidate in review until an exact date appears.
ATEEZ,ATEEZ’s ‘GOLDEN HOUR: Part 4’ Drops Feb. 6 - 조선일보,,rumor,0.68,news_rss,https://news.google.com/rss/articles/CBMijgFBVV95cUxOZ1QwQUN0VU5HMU51RFhteEs0eXpiTTV3QzRsQXozM01IbGNRb3ZOdFkyTVUzRGxYdmlWVGtkZ2hyekhyYVJMb3ZadlpoQXpscWFwVG1STGlQeGdDZTc0elNEMzFCQk54MENBNnJ4Z0hsS2FjcnZCZjZFbTZoZkhkOGNtVGRwU0x1cVotN3F3?oc=5,ATEEZ’s ‘GOLDEN HOUR: Part 4’ Drops Feb. 6 조선일보,recent_release,inexact_date ; missing_source_link,Confirm an official source and exact date before promoting the candidate.
AtHeart,Rookie group AtHeart drops bold new teaser photos for 'The New Black' - allkpop,,rumor,0.68,news_rss,https://news.google.com/rss/articles/CBMiqwFBVV95cUxPTW5XcDBtTWd4YVhwaEVqTktleVBXYlRLZnBGM1RVQ2xVeXVlMkVmckpWQ1RKazl5ZXhBOWRQcXltVVlNcjdSY3hkMjJ4cGFKUGpEbDhVQ0hPcjdScFV2UTUzM1ZmeGFaSDRoWWhMOHBYOFVhX1RiS0hkVEJfeWVGODRQSTlTMjRoTGZMZXBWS09IZ1pFb2VCWVJHZTBSSHNlTnBNNUxuZ2E1VGc?oc=5,Rookie group AtHeart drops bold new teaser photos for 'The New Black' allkpop,recent_release,inexact_date ; missing_source_link,Confirm an official source and exact date before promoting the candidate.
BABYMONSTER,YG Entertainment confirms BABYMONSTER World Tour & BIGBANG's Global - bandwagon.asia,,rumor,0.56,news_rss,https://news.google.com/rss/articles/CBMi2gFBVV95cUxOZWI5YWpSUmd6bk1rYS1VM1o3bXU4aFNhaTRfLUhvYjBKSUN5S1ZSc0NPalNBZVlMaDI0UE9EVVktaWlPZ0RHWEd1SFN4MVcwM1IzaEY2VkpxcUViUDZEQVFaV3BSbmFHbXhmejZFTXpLQ2hMV3BzS1Foc0ZoNHdJZ0xkaGJnZXZYczNrY3d2b3dJb2EzNVROZy1DRlIyUFBPTU9UU2FKVTlvVVV5cTIyRjZfdl9WSFNCWXo2dUwzQzE5ZnluSGQ5X29BVGRZZXZVTUE4N1U3a29nQQ?oc=5,YG Entertainment confirms BABYMONSTER World Tour & BIGBANG's Global bandwagon.asia,recent_release,low_confidence ; inexact_date ; missing_source_link,Confirm an official source and exact date before promoting the candidate.
BABYMONSTER,BIGBANG Returns for 20th Anniversary… Global Tour with YG confirmed,,rumor,0.64,agency_notice,https://www.ygfamily.com/en/news/report/7385,"BIGBANG Returns for 20th Anniversary… Global Tour with YG confirmed YG Entertainment has announced the return of one of its flagship IPs, BIGBANG, along with up...",recent_release,inexact_date,Keep the candidate in review until an exact date appears.
BABYMONSTER,YG to Launch First New Boy Group in 6 Years Since TREASURE… Rookie Girl Group Project Also in Full Swing,,rumor,0.64,agency_notice,https://www.ygfamily.com/en/news/report/7389,YG to Launch First New Boy Group in 6 Years Since TREASURE… Rookie Girl Group Project Also in Full Swing YG has raised the expectations among global music fans...,recent_release,inexact_date,Keep the candidate in review until an exact date appears.
BABYMONSTER,BABYMONSTER’s B-Side Track From Two Years Ago Makes a Reverse Chart Run… Reappears on ‘M Countdown’ → Live Clip Released,,rumor,0.7,agency_notice,https://www.ygfamily.com/en/news/report/7372,BABYMONSTER’s B-Side Track From Two Years Ago Makes a Reverse Chart Run… Reappears on ‘M Countdown’ → Live Clip Released BABYMONSTER surprised music fans by rel...,recent_release,inexact_date,Keep the candidate in review until an exact date appears.
BLACKPINK,Blackpink Sets New Record As ‘Deadline’ Tops First-Day Sales Among K-Pop Girl Groups - Outlook Luxe,,rumor,0.56,news_rss,https://news.google.com/rss/articles/CBMiuwFBVV95cUxQREV5ZV9pTDZyVFVyS0JqTDJEbWJGMzh0UDhwcnFKLVFFbDhmVW5rcmVrdGt5cTFkR1BHSzQ4Z0dBZG9RNFBXQVN5UlRKcGF0V1Bycm1KT2ZObWRpS0FBZll0N2RrWjlYWTZlQ3M4Nk8zc2o4dzFMcnlmTzFVMk4zcGZKUms3eFNMQzlLSzN2UERxVmZOOGVyWm90Tzh2b0tHVlJUMHdVZjU5Z0QzWWFibGhEYWtRbzRuNHBZ0gHIAUFVX3lxTFA5LVQ4Uk41RERaWnk5UXh0eC1MTEppZWVTd05yVGlNeEs0UHVKRnExQ3hBcFVsX2wyUmp3Z1U3Z0Q2R3hWcFdBU09hVHV1blJ6VHIyTEgxTnNUc0V5VmxWOUt1S2hwcm11QmRZdUY5c3dfTGZPWE5MT1IzQndIdkUzVHF6NDhCaE9ZeWc5T1JBVlg3MURjV2hrVVVuRDV5ek1LdlRTS1lSTFNCemJxa0t6VlN2bURxM3Uxb0tMRXl0dkJSU3FQbm9l?oc=5,Blackpink Sets New Record As ‘Deadline’ Tops First-Day Sales Among K-Pop Girl Groups Outlook Luxe,recent_release,low_confidence ; inexact_date ; missing_source_link,Confirm an official source and exact date before promoting the candidate.
BLACKPINK,BLACKPINK’s New Title Track Is ‘GO’.. YG “Created with Great Care”,,rumor,0.64,agency_notice,https://www.ygfamily.com/en/news/report/7378,BLACKPINK’s New Title Track Is ‘GO’.. YG “Created with Great Care” BLACKPINK has unveiled the tracklist for their new release. According to YG Entertainment on...,recent_release,inexact_date,Keep the candidate in review until an exact date appears.
BLACKPINK,BLACKPINK Finally Reveals 'DEADLINE' Mini Album Release Date - TMZ,,rumor,0.68,news_rss,https://news.google.com/rss/articles/CBMicEFVX3lxTE4waE5xc2U4eWNJaFhldTl2aGZEdGRxYl9DTVRRYnQ2Sk5rRGMtX2JHVVhiWFV3VTZJdUc1b1VoWWdmM25vcXhDb0dKSlBlanpHSlh2NDlHQ1hEMEtCalpvdkFudzNKZDJ0Y1VnVlpwOTA?oc=5,BLACKPINK Finally Reveals 'DEADLINE' Mini Album Release Date TMZ,recent_release,inexact_date ; missing_source_link,Confirm an official source and exact date before promoting the candidate.
BLACKPINK,Blackpink Sets Release Date for Comeback Album - Pitchfork,,rumor,0.68,news_rss,https://news.google.com/rss/articles/CBMiekFVX3lxTE9Ucm80bHB0cUYwcHNhZkJxaWM1MnA5SnJUVzk0ZkdyQmg3b0Q2SXFudk41aXVRN1RjLURta0tvemNPdl8yaE10cVdHbkc2d3dnM3VxSDhtNWhlSGZtM3RYNzJFVThxRzhqWlFjSzR4ekNGM04tLWdWWW9n?oc=5,Blackpink Sets Release Date for Comeback Album Pitchfork,recent_release,inexact_date ; missing_source_link,Confirm an official source and exact date before promoting the candidate.
BLACKPINK,"Blackpink's DEADLINE sells 1.46 million copies on day of release, sets new K-pop girl group record - The Korea Economic Daily Global Edition",,rumor,0.68,news_rss,https://news.google.com/rss/articles/CBMiZ0FVX3lxTE94bmhvU2RuMVBXTGNpS1VMaExLUXN6c0lCekxVbm1KTy1McTNvTkUycE1KNUl1c0U3b2c5ajh3cE9WSEs0TGJwNlgyZU9LX3JHam55VVhGX3h2SDBoaUdtcGYwWmdGdHc?oc=5,"Blackpink's DEADLINE sells 1.46 million copies on day of release, sets new K-pop girl group record The Korea Economic Daily Global Edition",recent_release,inexact_date ; missing_source_link,Confirm an official source and exact date before promoting the candidate.
BLACKPINK,"Blackpink’s Jisoo Shares Love for Album ‘Deadline,’ Talks New Netflix K-Drama: “Blinks Will Love It” - The Hollywood Reporter",,rumor,0.68,news_rss,https://news.google.com/rss/articles/CBMiqwFBVV95cUxOcldhb1d6S2hhMDQxTDZndUlEa0VqLXROcEJucWkxLTZxdFNha25nckc0LWxVZ2I3MHhnVk0zX0xfM3NnRlpnaW9MemF5U3VnaTRyZWlYRVI0YmxtN1Y0T0U0WmxuZmNqVWRxeDNsaVFOeXpzNGJrSVVsSjEtMHlnMGRBT3hpNDl2RW1IelNpVzdYWTBrNXlZUFNZZHN0VHFkVG1RZERvT3k3SlE?oc=5,"Blackpink’s Jisoo Shares Love for Album ‘Deadline,’ Talks New Netflix K-Drama: “Blinks Will Love It” The Hollywood Reporter",recent_release,inexact_date ; missing_source_link,Confirm an official source and exact date before promoting the candidate.
BLACKPINK,K-Pop girl group Blackpink drops their third mini album Deadline - Indulgexpress,,rumor,0.68,news_rss,https://news.google.com/rss/articles/CBMivAFBVV95cUxQVG9PNFdjS19QUkVoYU95M21Rb2l5em5EQUVZSzZrcU9qa1hYMWRQSGRnc3dJZDFUYWtBcWstQVREcEw5c3BKc2M5WHJETHB0LUlFTGI3dmFKbXdBbWRtOEZRVTVzZ29UWTRaLVJ5RnhDc25IS2ZsRVNTTXVTWnEtZENIdTVDeUVmM0ZGTXlBSnNBek1aSEs0TFJ4UndGTjVYMDdZWVhmV2tPc092MDN5WnZWYlBiNkJ5M09nbNIBygFBVV95cUxOWlFldno4Y0RLNjhoRFkxN29BT2J3WHdBaFN6THNuYk1HbEZUdzAwSzA5T0U5V3QwVWg1WDZCQUs1S0ZVdDVnSXo3TGpCeTNsZm5tS1VsRDZoVlhyR3doOFNEcVVTVEJubVJTLXNIVG5RX21xN3BEc3preXJVREU0MUVlU2JMalh1Q0QxamJhZ0xIcHFKcTNDV3V4RHFKeV9qZ0dnS2IySkJNaXBVU3lvRDA0eXhYbS1BZFdEbVZBclJQcU9UeFRhUlBB?oc=5,K-Pop girl group Blackpink drops their third mini album Deadline Indulgexpress,recent_release,inexact_date ; missing_source_link,Confirm an official source and exact date before promoting the candidate.
BLACKPINK,"K-pop group Blackpink announces new mini album Deadline, out Feb 27 - CNA Lifestyle",,rumor,0.68,news_rss,https://news.google.com/rss/articles/CBMirgFBVV95cUxOUFhWaFpuYnA5UDVRQmR0bHhuS2NIS2pfa255aDEzNGlFMHUzQ0p4MVRRLVVGUm13czJyclV5d3Rhd2xCakNqSmNaaDRtdkZhSWxqbk1VbWc0RzdMX3FjZ1RQTEY5RTV1czR6a3pXQmR4RS0wVVZNSHo3QllWLTBidzlESGpVNGwybzZ1Ti1Wc2VuLXE5WWk1U1Y2QlBtY1JWWXp6cjF3VGZwblhfclE?oc=5,"K-pop group Blackpink announces new mini album Deadline, out Feb 27 CNA Lifestyle",recent_release,inexact_date ; missing_source_link,Confirm an official source and exact date before promoting the candidate.
BTS,BTS Is Dropping New Music in March — and Heading Out on Tour - Rolling Stone,,scheduled,0.46,news_rss,https://news.google.com/rss/articles/CBMiswFBVV95cUxNRFN4WmFDZXZacnlkSkZPUWZVa1JXaHF1emhsRW56cmFQdnpJTGpuOUZKeU9WRXp5WVJMV0d2c1NLUnV0bXBickp1LTRTRXhkY21WaFRnbUtiNG5YOFNVNDBRTG93MzVRS3JHZTBOdXE2bURiZ1VyQ1ZPV29ua3BCZXJ1OW9tRWdzaXk0d3kwNHl1bnlCT1hOUVp3VmRSNFZLZkV6WFVOZ1ZqRndCb1FaRmo3aw?oc=5,Future month reference: 2026-03. BTS Is Dropping New Music in March — and Heading Out on Tour Rolling Stone,filtered_out,low_confidence ; inexact_date,Review the evidence and confidence score manually.
BTS,BTS announces 14-song tracklist for Arirang – Check full list here - The Financial Express,,rumor,0.56,news_rss,https://news.google.com/rss/articles/CBMi1gFBVV95cUxPTWtHNjZQZFVvME9nWnlMZlREUm5vaDBUVmQ3aG8tb1RwRWotczBfd2x2LXV5cjNaRVZ2WDZUYTRxUkNVeWdYLXpFRUpDdUJkMkR1Xy14WUpQNEd2MDRXYXA1VGxKcm80WlBSWnhHaEU3U2JQV0JzMGZpaXRwWWR1bWF3N1VyQWJWVHFsUldiRmxwWHJZaWxndzMyTVRpd2ZyQThOeTFFZjB0TVctY2RzdDBURUFhekk4dWlDRlRPazVubmxhRVNCN0N4MHlXcUFaazhXMVFB0gHcAUFVX3lxTE9uV0lRWU90QjA5MVhObHBJRFNuSjF4MzQxR1ZsTjF3SnY4RDdQRXZkcTVvMFhWaFF6QzZuNUZRR05MM1FleExJaGUyNk84MlA3YnNwX1NKZzJBeUM5N2xXRUUyYTc1SG5zeFk5NzhiWWJaY0tHUERBRXdldmN6amRNTEwzbmRWa25Ba1ZlUlR1RnliYzdJYmV1VnRqb2w5YnViXzB0dU1XM2owSjV1dVBaaV85OHBhd3pYWEttRVFEZXB1cjZTMXMxSFJ4V0Q4QmUwS3E1elJVc2EzVGI?oc=5,BTS announces 14-song tracklist for Arirang – Check full list here The Financial Express,filtered_out,low_confidence ; inexact_date ; missing_source_link,Confirm an official source and exact date before promoting the candidate.
BTS,"BTS Reveals 14-Song Tracklist for Upcoming ""Arirang"" Album - Tempo.co",,rumor,0.56,news_rss,https://news.google.com/rss/articles/CBMikwFBVV95cUxNWXFTZTFic0o2TTA5R1FOeXRMcklVWFYyZGl2aEYzWU53NHMyVDYzdVBSSVp1S09XVVFYSXN3dWtiSkJuZldFOGwwalZ4Y21rakgtM2hvbWNUQlN4TndjUVE1ZFk4dkswamNVZ1RGYzdxRlpCNTdDTTU3NnVEUlN6M1VieERleDhsaFI2ZmhJWXVCemM?oc=5,"BTS Reveals 14-Song Tracklist for Upcoming ""Arirang"" Album Tempo.co",filtered_out,low_confidence ; inexact_date ; missing_source_link,Confirm an official source and exact date before promoting the candidate.
BTS,BTS Confirm 2026 Comeback with New Album and World Tour Set for March - L'Officiel Singapore,,scheduled,0.58,news_rss,https://news.google.com/rss/articles/CBMiwgFBVV95cUxOR3N4UWhOY3IzQXk4SlFCVnRVTDdrdEkyUkI4bGpUOFNpb2xYczF5SUhOX0RNQ21pcTFWYzl4bTFPZEk3ZU04bFVnXzBWTUNLT3lqR0JsZTItN2xacTNQVnpOZHRxbnl2d1FPczZXeFBDbTJjdGpOQjhPVFh4cHZ6VDlZZmUzNjduR2l2WGZyV0ljb0poY1ViRGF2QTRuLTNUQng3VDFrbDJmVmtzNXdsRHFsbS1OSllfMGpJcjN3cGt1UQ?oc=5,Future month reference: 2026-03. BTS Confirm 2026 Comeback with New Album and World Tour Set for March L'Officiel Singapore,filtered_out,low_confidence ; inexact_date,Review the evidence and confidence score manually.
BTS,Netflix Will Livestream The BTS Comeback Concert This March - AugustMan Singapore,,scheduled,0.58,news_rss,https://news.google.com/rss/articles/CBMiuwFBVV95cUxQcEh4M2dBTVVpTkE3R3k5VVZycmVyXzZQZzFLVmttbE9RdjZ5cFV5cEtLVHVucWZkd2ZrWDBpZWYzakRWQ0ktb0drYmx0NnpPOFA4djhRcUtwMkx1WmxRVnkwRjRIWll0cTJMWmJoTjk4SkRGSkR1bFo4UEFkbGZzaUxrQ2ZRTDJ0TXRhc2dwVC05azNnNEIzNFpvOXJJU0N5S3ZCY0I2ZDRXVWRsSktMMFNrNmxsY3ZUNWR30gHAAUFVX3lxTFA1TXdOZThUb2JmSnc4Y2toR3hHWVJnMTlYSlVpVzZ2RjU0OENncHFQTmdocks3Q3dzVjJlQmtkMzhKUDlWeDhNMzJtRGthdTRSajBieVNnaWxfQWFlZ3BRVjJHTE5EcWZGQjRYNUZJN1lESUl5WmJnXzcxUWpwdE5qQUFuWTFTRDk0RDhaYUQ3TmJhLWx2Zi1lM051SWk2MTQwQ3RaaHhiaklxVVA1NnFOSnNGdzc2dDhkckJNdW9Vdg?oc=5,Future month reference: 2026-03. Netflix Will Livestream The BTS Comeback Concert This March AugustMan Singapore,filtered_out,low_confidence ; inexact_date,Review the evidence and confidence score manually.
BTS,BTS Announces The Title Of Their New Album: 'Arirang' — What Does Arirang Mean? BTS Album - L'OFFICIEL USA,,rumor,0.68,news_rss,https://news.google.com/rss/articles/CBMi4AFBVV95cUxNQm1fTFhxbG0tNlF4aDJzeGNSTnRWc2xEYTFPR3lHcWZDTV8xYnoxdkx2YXZFa1hNUzBWdGtpb1p4MmM3UTdlOUx0ZDk1aHdhVlU3bk5ldHg0Rmx1Y0VCRDZoSU5xdm9ZNG93ZmNNdENtYVBvMndUSU80bHVfakxmeDRYYl94VmhUaU5oTjlzNFY0QzdKV2NydkUtWkpPcjRrUC1Mbk9BVVo0SlZqc29lOGNXTUN6bTZBeU9yTWg2OElGMnRzeFJmckZmWjVqNXEwMjVlbjJOZEJmQl9kYTUtcg?oc=5,BTS Announces The Title Of Their New Album: 'Arirang' — What Does Arirang Mean? BTS Album L'OFFICIEL USA,filtered_out,inexact_date ; missing_source_link,Confirm an official source and exact date before promoting the candidate.
BTS,"BTS Comeback 2026: Netflix Announces Global Livestream for ‘ARIRANG’ Album Celebration, Releases First Official Trailer - pragativadi.com",,rumor,0.68,news_rss,https://news.google.com/rss/articles/CBMi1wFBVV95cUxQVHZfVWUwOV9iX09xMDRQc0phUFVtNkVtMHpGY2xKQWNuT2ZXVTdrdW9mTENNamVyWUxkaTNTbDNRR2c0OENTeF96X2gyaEZLcU9GcTQ0SWR2bEhTWUZQcExnQkFEVG5DU2hUaDk2WEQtd09hNTR2QTMwSnlRWC11cjJsYVB4SGtBZVhZWWNOSHliV0M5WjdrQmUzbE5ub1ZGbkJNMFRKQ09hcThsX3RlSEtDNGdaYlBvQzZyNnktVEpkUERJWDZPS29HMFRaV0R4WEF2RlRpNA?oc=5,"BTS Comeback 2026: Netflix Announces Global Livestream for ‘ARIRANG’ Album Celebration, Releases First Official Trailer pragativadi.com",filtered_out,inexact_date ; missing_source_link,Confirm an official source and exact date before promoting the candidate.
BTS,BTS drops full ARIRANG tracklist comeback album features 14 songs including lead single SWIM - Moneycontrol.com,,rumor,0.68,news_rss,https://news.google.com/rss/articles/CBMi9wFBVV95cUxNNmQxX0NJNkpqdTlSM3RUME45Z1A2cVVobTFUMnlHQllPWGoxOU9PYzZzNWNrdlNDT0doWEhGbndnejdOOGFERC1CRnRBVG9aOG0tbWhONWZtNWJyaTh1SGNJQzFvNEN1Mk9ib0ZZTUdYYnVEb1g3V3JnbmZ5dndUNEFuVUhteHQxQ2llelpCSjdhX20zLVVUQmpzM3FyMks4R2JlR3BXeFltaVBxVFF0NHlWX191NUx6ZXJJNG1ZYVcxUVFwYnh3UWh1cjFvRldvcVdWMUtSakYzNG9IZ045R0dHRGtWaFdtSDMwbnRBWndUSkNFbDJj0gH8AUFVX3lxTFBDOTdlV2tvTU1pT0lZd1FhTXpJU21uU0pMdjMtV2hkckN3bUVkTWw5SjA4dE5HdGc2em1YZDJLME5KQXVwcUZXMWVtelRPdzZQeDJ5Wmp0c3Vib3gxelV4eHhHWWkwRnlrVWpKWWxoc09PVGVWbG05S09Bclg3WWdlOHhrZTlSWkNsT0thT0hVV1dUeFNZT0dYQklIYTVKVXNaOTBPSV9EY1hqcVRPOWY1VEY4c0tIMDVIekp3NHItaEg3Q05id0c1OHlwbUQxNzhnQWhNTWNaNHlQSlo4cHJ3SkMyVVFTWnJGdnFkWVZRdDh4MVVrTF9iUmVEQQ?oc=5,BTS drops full ARIRANG tracklist comeback album features 14 songs including lead single SWIM Moneycontrol.com,filtered_out,inexact_date ; missing_source_link,Confirm an official source and exact date before promoting the candidate.
BTS,BTS drops much-awaited tracklist from new album 'Arirang' ahead of release - ANI News,,rumor,0.68,news_rss,https://news.google.com/rss/articles/CBMizwFBVV95cUxNeHZjRXkxZEZUck80UzhqZmMtX3Z1TG1wNnlDZ2ZDMnRRSkg1SHQzWGt3VFR3bHhvY2JSMDJ5bUUtdXp6bnFaYnlfZ2lrc2dPQjhSZTZndDJoM0JuX1I1eldSMEc3R2k0bGNsc1pUQ0lqMDc3UGZtNkk1YkswNUkyRFlQMnpzNjRUX25EQ2xvUGpJc2Z2eFBhQTdiVTRJZG0xbS1KblJDTmFvZ0FWdkFvTzJwMUJqRzRfOVFxZVpRaVNGR3lRQ3ZpWkFEN2xseWvSAdcBQVVfeXFMT0RsNFJGVS1MeWRFRHFRQnF4ZFc3Q2s4Z0xaQXVjVHVjQzlJMVpaR01iWWtSNEVDWXFGUVBtSDVBOFdCbDhkUk1OMWk5Uk5HUWdKM0RWcVNkTlREUk9aUGROUlNZWmgwenBBWVBIT1VDOXZYeFItS1gzQzZ4ZFJOOWlzQk8tYnZ6c2NnRWZiaUxMUDhMbzRmWDRIc3NpWS01T0tGUkJGbllkMktIOXEyTFVUVTZUOTlYc21XbzNNUFNMNDZhSjFnSkpEQ3RlNGtzSWE4R2hmaHM?oc=5,BTS drops much-awaited tracklist from new album 'Arirang' ahead of release ANI News,filtered_out,inexact_date ; missing_source_link,Confirm an official source and exact date before promoting the candidate.
BTS,BTS Drops Netflix Trailer For ‘The Comeback Live Arirang’ Livestream - weareresonate.com,,rumor,0.68,news_rss,https://news.google.com/rss/articles/CBMiqAFBVV95cUxNLTVHQ2NrY1k3QkJNdXRUdzhEYjVOQ1gzNVAyeEtYa2dCRjNpbll5S21rcTdIQmJQbml2dkVyM0NVbHhtOVhfQ3VtTDhJdUhsSDR5RUtMQ0M1UFhIRzdqZHhLa3lrb0tGRnBQdXRHUFNDZm5Sc0F5TlRRVnpSNlFpUVVBemxKU2ZLUGZwX0g4Qk1qM1ltNTVHTDFWY2o0aW85T2VtNzd2VHg?oc=5,BTS Drops Netflix Trailer For ‘The Comeback Live Arirang’ Livestream weareresonate.com,filtered_out,inexact_date ; missing_source_link,Confirm an official source and exact date before promoting the candidate.
BTS,"BTS drops ‘The Comeback Live | Arirang’ trailer: ‘Seven together, we can do anything’ - Telegraph India",,rumor,0.68,news_rss,https://news.google.com/rss/articles/CBMiogFBVV95cUxNUXB3dTdCb2pPZ1pzQW03UFZQcjNrWWJaMk9xZnNxVThObHlyRUVkRHhnZHVnZ3g5bjZVRklIV0pfSXhydEJVUHNybzFpSXFDWWpyNHFzRDdGT0JnaGhGdnJOSEp5Qnk5UlY0aElTZFRBQjRTZzBSLTBKNlNXdGxUOXdZN3YyQk1oU00yeE5UNHBuVkh1bjlITG5MQWFEZUQ0RXfSAacBQVVfeXFMUFJObXlWUFRBUEVCVmk5STZaRjlGY0NuUHBGV3l4WlBhUGNUdmlkS1JfZHZ3S3F2UVM0TkRfRWxTTjZSZUJLQVNpTGRhblVJVWNzNDlDc2NqbkxFekRYX0NYMERmS01tZlhSTW41VVdzdmlwT1NVZlg5TUZQVllLQ29ka2duNXN0WFlkb0NUU1E5WE5rcWFkakRRWUUxSWRCQWxmSEVndUk?oc=5,"BTS drops ‘The Comeback Live | Arirang’ trailer: ‘Seven together, we can do anything’ Telegraph India",filtered_out,inexact_date ; missing_source_link,Confirm an official source and exact date before promoting the candidate.
BTS,BTS reveals new album title ahead of long-awaited comeback - The Independent,,rumor,0.68,news_rss,https://news.google.com/rss/articles/CBMipwFBVV95cUxNM2oxa3pkS2tUWTJZWlp1clJEOHd2TGdoR2NhUU5uWGxoUERIU3hsaU1SMm5KMlRvc0JNbkxxNXZtWngyb0xkVWdYa3UwNWlrbGxsY2J5VEJKcXlub0tKUXdhOUVPc0MtQnNwcWV3V1FiWUd2T2dkckY5REpta1ppdFBBUGRNMFU2OW96QXJBc3U2NUFocGxQbko2NVZzVnhoOVhTc1ZJNA?oc=5,BTS reveals new album title ahead of long-awaited comeback The Independent,filtered_out,inexact_date ; missing_source_link,Confirm an official source and exact date before promoting the candidate.
BTS,"BTS The Comeback Live: Netflix drops first official trailer, here’s when ARIRANG celebration will stream live in India - The Indian Express",,rumor,0.68,news_rss,https://news.google.com/rss/articles/CBMi1AFBVV95cUxNRjhtN1FxZDNaVmFXbTg3cm9oVjZFX0t3dWNjb3NMZzk2eHBYNWJEci1MLWNIN2pqaVZNT0lJYVZGelFrVHJPNXp0OHNlcmdtbC1oWlJRTkJCRlpHSzhJRjNrbnFHNmh2Z3BleUlaTldfTVpGTUZWTUREMG5XaXZGLUw0X3NxVTB6NmhWQ1lDQW82eV9WNjE5aE1UY0VwNmFYQnR6ajVHQm9wN05JSExlYUtUZ3I1RkFjSTBXS3JsdnlQX3ZjbnJSRkxIWlUyNWU1dkgzTNIB2wFBVV95cUxPa2VoSDBVWUtvLU0yRDRoRkNvalpGUkRIUHhZbHA0Q0c5UlVQZ2hCV0lXdmgzbW9jaVNGdWdlNUpjTndEbWU5dkdsZ285TF9zdlhIbEVXYm5URElpcm0tY0JTZ0lYb2k3NXBfaXl4X21ZcDBDSUprN19KZVBjbGlfcVBfdjluTmFKSGNHUVNoeUJKZUlUS3Z2a09jTlgyTF9oQThxc19UTHk3cHZrb2FhVndHVE4xbkZ3Y2liV0JJZHlubUctWl9pbFFrRnRwdWRvU3RGbXhJc2hUTVE?oc=5,"BTS The Comeback Live: Netflix drops first official trailer, here’s when ARIRANG celebration will stream live in India The Indian Express",filtered_out,inexact_date ; missing_source_link,Confirm an official source and exact date before promoting the candidate.
BTS,"“Seven Together, We Can Do Anything”: Netflix Drops Trailer for BTS Comeback Concert Live Stream - The Hollywood Reporter",,rumor,0.68,news_rss,https://news.google.com/rss/articles/CBMingFBVV95cUxPRU1ZYWVnMTRHY0xaWkFNVlNYVTJMX2dHamVFeDA2YXJBMHRtcVpJcjNYQ1JkZzd2Rll1LURmem1wcTlMdnBiUU1rT2EyWHRObTlJLWFyNTV1MWZGX2NfakdHLVpqVUxZQUkxODZMVkRIUHhsSjh4Q2RNU25WaEd6V3lpNGVOd1pQQ2tCOXJMRGJyYndyOXpYWmp0aGdvdw?oc=5,"“Seven Together, We Can Do Anything”: Netflix Drops Trailer for BTS Comeback Concert Live Stream The Hollywood Reporter",filtered_out,inexact_date ; missing_source_link,Confirm an official source and exact date before promoting the candidate.
BTS,"BTS announces March comeback date, putting an end to a nearly 4-year hiatus - ABC7 Los Angeles",,scheduled,0.76,news_rss,https://news.google.com/rss/articles/CBMilgFBVV95cUxNZWwzUUFJSGU4djVweVZDUmVXTGZwLWhBSlNXZWNoTEhOQjJkZFlXTkVuN2xCU2llMnJfTWl2OG1JMHJ1SjRXZUNDSXZKZHlPeGhnNHdGak0zbkJiWmI5T042aVkxbktOOG1qOWNoaWQwZXNJZVRTYl91Q3lQU1ZjUHkxUnRlbXp2QWdiQm5vQ0oyVGpWRUHSAZsBQVVfeXFMUFRkZ0Z1NUpkODVjVmFTWmx5ZFZkdEF2T1BSeXl0SzlpVDl0dkJ5OWh2VGhvWHlLd01ucU5kVWtaQk43VGtsMzB0OGJUOGQyejhNNnBvX0QyTUhDUEtheFZHaXV1ZldOTFVGMjdTeEZuMDYyTWZ0WktySENTdXZkUTVMems4Vl9IZFJTSzZPZjVJOGpJTzlWNnltUnM?oc=5,"Future month reference: 2026-03. BTS announces March comeback date, putting an end to a nearly 4-year hiatus ABC7 Los Angeles",filtered_out,inexact_date,Keep the candidate in review until an exact date appears.
CSR,Unresolved latest release mapping,,,0,unresolved,,no_release_match,needs_manual_review,unresolved_group,Verify the group's latest release mapping and artist source manually.
DRIPPIN,Unresolved latest release mapping,,,0,unresolved,,HTTPError,needs_manual_review,unresolved_group,Verify the group's latest release mapping and artist source manually.
ENHYPEN,ENHYPEN's 'Knife' Reveals Sharp-Fanged Vampires - 조선일보,,rumor,0.56,news_rss,https://news.google.com/rss/articles/CBMijgFBVV95cUxPblZfVHkyVDBQVmZPY0pJaGFqNEd3RTVrQUtXejJEOEE0d0RlaXRteml5TEJuYm44Y0tSb2paeXBHeXI1MlpISTJPUkJld01oWFduVTlIVERpRXpIRWdaeklOWS1nSXpSQTNYZWdCU1d5am9TWFRxV1U4X3BDRWJTcDNoekUxYnNrVXlZYWpR?oc=5,ENHYPEN's 'Knife' Reveals Sharp-Fanged Vampires 조선일보,recent_release,low_confidence ; inexact_date ; missing_source_link,Confirm an official source and exact date before promoting the candidate.
H1-KEY,H1-KEY announces a comeback with their 5th mini album 'LOVE CHAPTER' - allkpop,,rumor,0.68,news_rss,https://news.google.com/rss/articles/CBMiqgFBVV95cUxNXzdveG1oNkJmUXlwOUdGZGttWXdGNVBiVUJtcnB0MVJ1MmJPaHloLXVFQXc4S0pfU1NQRnVqZlF4ODY3OGFxbDNfQU9HbGVwZndGOWluRmtpTU9SMV9pME1BdnJJcWduNm9VbFVkTzBuWmdzelFmNV9CQnhORUt5U0dySmtSMV9Iak1Ebk1aemNDOW9qUzNKV1ppZXZ1eDVUZG1iWGFvdUNQQQ?oc=5,H1-KEY announces a comeback with their 5th mini album 'LOVE CHAPTER' allkpop,recent_release,inexact_date ; missing_source_link,Confirm an official source and exact date before promoting the candidate.
Hearts2Hearts,Hearts2Hearts Announce Comeback Single “RUDE!”: Here’s When It Drops - inmusicblog.com,,rumor,0.68,news_rss,https://news.google.com/rss/articles/CBMigAFBVV95cUxNdWlPR1EyeThmM0hKQ1FKY2NqcW5PalVpOTV4eUdzdTFyYjBoWHZrQzJod0dxakN4YkxVT1ZzQTFUaHZ3SkNXWmUzcVR4TklENU4xdTh0UnA2TFJfcG1yaEJyejhRUkFNQnRoV0lzUWlaUlJIcjRsZnMwSmVKYlVPSQ?oc=5,Hearts2Hearts Announce Comeback Single “RUDE!”: Here’s When It Drops inmusicblog.com,recent_release,inexact_date ; missing_source_link,Confirm an official source and exact date before promoting the candidate.
KickFlip,KickFlip announces April comeback - Music Mundial,,scheduled,0.76,news_rss,https://news.google.com/rss/articles/CBMidEFVX3lxTE1vRVlPU0xVRUlFSlN6SU1oNWQ1VWQxYWNpYUpXaDl6MFVHZWtVSElyTVFIZGZKaU51OFZDRlVTX2R4VmdVZWVzbmVpeEtxb3BrYXkwV3VWb282SVd6dDdlakdaczlVcmtpbWFxWTdOY2NqRS1Z0gF6QVVfeXFMTU5XU1lfWnpuclpnWTlfZm9aVGxocmVnYXN1bzhNenRBUlF2VnJQMzBsZVk5M2RmbklQdnRvUzZneW9qclJ4c29qcTUtSDFPMlNwbk1qUERuVDUtOGpMMldaU25hdVo5MHR3ZnRYYmlSeGNOdnVlOFliUlE?oc=5,Future month reference: 2026-04. KickFlip announces April comeback Music Mundial,recent_release,inexact_date,Keep the candidate in review until an exact date appears.
KickFlip,KickFlip announces April comeback with their 4th mini-album - allkpop,,scheduled,0.76,news_rss,https://news.google.com/rss/articles/CBMioAFBVV95cUxPSHllVlA3LVVFQ1pKcGltd3UxLWhSVEpfUHNqall5X2pkZ0ozWlNzazlKS29BYzZUZHA0UFNVQnNNd0JORU9yRFFQelFzeU5jM05kV0k0TVBZZE1iQklwbGZvR2ZSajhTaDFBRDR0dk05aHFNcmNoUWs1MXFVWGRmYXRhQTlWeDU1TE5TRUxpaTJFZ3d1ZlNaRGhVWXh2Z3pR?oc=5,Future month reference: 2026-04. KickFlip announces April comeback with their 4th mini-album allkpop,recent_release,inexact_date,Keep the candidate in review until an exact date appears.
KickFlip,KickFlip wraps first nationwide fan-con tour and announces April comeback - allkpop,,scheduled,0.76,news_rss,https://news.google.com/rss/articles/CBMiswFBVV95cUxPd2t2VzJkdFQ0Mm5Ld0JzcWVlZHZvb0dHQ2RWSC1IVWI5bmR4bEJQQ2NuWjdGMUZKQnNnU0J1STBld0VOd0xmTnBXaHJyUzFLb0g4RUhEblhvR1M5eGZtdWhCUTBGN2FGMkNpUjk4dlJwZGZyZUM2cE95cHAta3JrektqM2stTWxGQXZxYWxfdGtTNm1OQWpDY3FDd0xOcENLVGl2Rzh1RjZKUE1HMkRwVG5aSQ?oc=5,Future month reference: 2026-04. KickFlip wraps first nationwide fan-con tour and announces April comeback allkpop,recent_release,inexact_date,Keep the candidate in review until an exact date appears.
KiiiKiii,"Kakao Entertainment announces 2026 plans for its artists MONSTA X, IVE, KiiiKiii, & more - allkpop",,rumor,0.56,news_rss,https://news.google.com/rss/articles/CBMiwAFBVV95cUxQSS11aDk5TGN1WTJJN29mcE5JbTBya1JJUk1YaFZqMFBIRkhuWjZTYkpJZ3kxdzhyYUdGVXUxZWQwY2ZYLXhFZnkwSGN0SFdHV1FuZ0JSNlN6Wm5oX0xhekUzdERieHdmSEJJOGFoSjdNRVFLRHIxWTY1Z0Fpa05VV1FleUljZUZnaDFqdmx3bWJXdUR0ekZ2ZDNUbEMxbWtPN0cxeDNjVFVmWHFoblFxRkpYN2ZVYVVCZnVsNGZubHM?oc=5,"Kakao Entertainment announces 2026 plans for its artists MONSTA X, IVE, KiiiKiii, & more allkpop",recent_release,low_confidence ; inexact_date ; missing_source_link,Confirm an official source and exact date before promoting the candidate.
KiiiKiii,"""Like Ive! Onto a Bigger Stage!"" Starship Rookie KiiiKiii Sets Out Their Comeback Ambitions [On-site LIVE] - 매일경제",,rumor,0.68,news_rss,https://news.google.com/rss/articles/CBMiUEFVX3lxTE9UODlHM01ud0pEM2pqRXVZQVM5YWJnU0FIUGJFT0swbGJ0UWw1dzl0cU40cTFycUtQdWloVWpDY0VKVkRpbU1fc1RzS1hTeEhO?oc=5,"""Like Ive! Onto a Bigger Stage!"" Starship Rookie KiiiKiii Sets Out Their Comeback Ambitions [On-site LIVE] 매일경제",recent_release,inexact_date ; missing_source_link,Confirm an official source and exact date before promoting the candidate.
KISS OF LIFE,KISS OF LIFE Teases April Comeback with 'COMING SOON' Video - 조선일보,,scheduled,0.58,news_rss,https://news.google.com/rss/articles/CBMijgFBVV95cUxOejZONEFWdXZ0SzlCTTNJNWRHUExLdHVSZ3ltOGR4c2RnS3V5dmtyTUItaVJGajc1NWI0c3FxbE5rWnpkcmFCekhZUEZQaEVPSUxVMEtYajFyQ0M3ZXNrSVhabVZpZnBac09VNl80YzVfVjBGNU5tODZnU2VoTTh5UkJ0Z1BCWXRyU01CZDJR?oc=5,Future month reference: 2026-04. KISS OF LIFE Teases April Comeback with 'COMING SOON' Video 조선일보,recent_release,low_confidence ; inexact_date,Review the evidence and confidence score manually.
LE SSERAFIM,LE SSERAFIM and TWS Set for April Comebacks as K-Pop Return Rush Intensifies - DIPE.CO.KR,,scheduled,0.58,news_rss,https://news.google.com/rss/articles/CBMiREFVX3lxTE9aMUtzSDlQa2FxSG9TZjNlMF9fcU9PYmE3WE1lUmJFaWhzOW5aaDQ4VVpXZkJxYkNLcEJhSkZCNlZUWFE1?oc=5,Future month reference: 2026-04. LE SSERAFIM and TWS Set for April Comebacks as K-Pop Return Rush Intensifies DIPE.CO.KR,recent_release,low_confidence ; inexact_date,Review the evidence and confidence score manually.
Loossemble,Unresolved latest release mapping,,,0,unresolved,,HTTPError,needs_manual_review,unresolved_group,Verify the group's latest release mapping and artist source manually.
P1Harmony,P1Harmony teases March comeback - The Korea Herald,,scheduled,0.58,news_rss,https://news.google.com/rss/articles/CBMiV0FVX3lxTE5BT013aGY0bldBWXdwZDdLS0RGWE9GMGlzRjNLOWdfMjFZV2NNZUNOVGt5Qjl6X1A0T0FWa1NCekY1S0pad0dGWlh3Ql8zdVpfM19YR0VwSQ?oc=5,Future month reference: 2026-03. P1Harmony teases March comeback The Korea Herald,recent_release,low_confidence ; inexact_date,Review the evidence and confidence score manually.
P1Harmony,P1Harmony to return in March: report - The Korea Herald,,scheduled,0.58,news_rss,https://news.google.com/rss/articles/CBMiV0FVX3lxTE5pTGd6dWpWSkRPNjJDdDV4aVN4N2NVZzMtNEowWTU1WlU0Q0JsdU9KZC1JOU9yMmVWZ0R2VUFybnlBaHpqZk1wY205TXJtSFktZnQ3UFR2UQ?oc=5,Future month reference: 2026-03. P1Harmony to return in March: report The Korea Herald,recent_release,low_confidence ; inexact_date,Review the evidence and confidence score manually.
P1Harmony,P1Harmony Announces 9th Mini Album ‘UNIQUE’ With Cinematic Teaser ‘THE HERO IS MISSING’ - hellokpop,,rumor,0.68,news_rss,https://news.google.com/rss/articles/CBMitgFBVV95cUxOTnFVLUswd2lNbkkxQ0l3b2M5cXRMR1NOd2p2a0ZURUpIb1NKQ3R2cTNMN2N2U213VzR2VW1yY0ppb3dOREJrSTdKVC1SbWh6d2dhUWRTa2sycUc2M0JScnZlVTN6VjdpUk1NUmtxajBrZDV3OFlHVXoxcGtpZW1tZG5YRUFJSkhrQjcxUHlyVjJIZmloWWV2UHdvbDFiWHA1TmlndXRibHBRVG1mSGU3MjVWV0kxUQ?oc=5,P1Harmony Announces 9th Mini Album ‘UNIQUE’ With Cinematic Teaser ‘THE HERO IS MISSING’ hellokpop,recent_release,inexact_date ; missing_source_link,Confirm an official source and exact date before promoting the candidate.
P1Harmony,P1Harmony announces March comeback with new trailer release - Music Mundial,,scheduled,0.76,news_rss,https://news.google.com/rss/articles/CBMilwFBVV95cUxQQWZMVnhhR21vNkxDX2x5YlM0UVZqZFItbmY5SlhlbnR6Zkdsa2lFMzMzRERyOWZpZXNyWWVzWW1INzhFT1JILWtaMWhVOHJCYUdVLWQ3Z2U5QlluTE8zNUp2VmM1TTBDWFU4T1lKeVdIN2dVc0pCTVJ6bVR1T3lpdGhXUGtuTXlkQ0M1aUtxLTc2cU5xX2hN0gGcAUFVX3lxTFBHa3JwbFA4X0tpM3pqejNqcnhYV0hJNzZiTWg5MzFRZ2ZWTFhLZkQ2ZVRWRFYzd04waGNuODQwT0lLWGdCaGZuUVI3U25OSkUybXNWOWUxWmZ6NlEycFlzUDk2bmVlMUZqWmlaV0lZOGxSRFE1N3p2ZUpHeEtJNnlCM08xQUdfR0hITmczOWlzX1JCWU1DSlNxcDJTQg?oc=5,Future month reference: 2026-03. P1Harmony announces March comeback with new trailer release Music Mundial,recent_release,inexact_date,Keep the candidate in review until an exact date appears.
POW,Rookie Group POW Drops Debut Single 'COME TRUE' Today! - K-en News,,rumor,0.68,news_rss,https://news.google.com/rss/articles/CBMiakFVX3lxTFBXaHZpbGJjckUyLXlnczdSN2lfZXBlQWhoZ096enJ4U19ELTVuQmpnRDVNSTJ6YlNjVTE1dHZVWFlRSmhJbGNrQnpCVENuWkdOX1JNTDJMOS1kYUExbUpGNDQtWkxpcGUxT1HSAW5BVV95cUxOek9wUHFGWlRFV2pxNENEdWpXU3IyWXlJTzM5VE10Q3RUWW5kejB1YmdSanM3NEdVRDAybWdKQ0JZNndZaUdxN1ZYTGxXQXY0WkNMNWpkbWxKUmJHeU1FelhqTk0ybFhmMFU4cDJyUQ?oc=5,Rookie Group POW Drops Debut Single 'COME TRUE' Today! K-en News,recent_release,inexact_date ; missing_source_link,Confirm an official source and exact date before promoting the candidate.
TOMORROW X TOGETHER,TOMORROW X TOGETHER made their first comeback after renewing their contract..8th mini album released on April 13th - starnewskorea.com,,scheduled,0.58,news_rss,https://news.google.com/rss/articles/CBMieEFVX3lxTE11U0FzM2s2dXpCcHhqME5ZMVdCSlB2MjJKT21JS0p0dmhocmxhcXI4UlVDdGRBRXJQTmZiS1NLV2VCdlNYVFBhQzdoa0RvRVRYcnV1RWtEa2JZTVR4VERGdVRZSWRQaFlJSHZWUG10NHBDSW9oMXMtQg?oc=5,Future month reference: 2026-04. TOMORROW X TOGETHER made their first comeback after renewing their contract..8th mini album released on April 13th starnewskorea.com,recent_release,low_confidence ; inexact_date,Review the evidence and confidence score manually.
TOMORROW X TOGETHER,TOMORROW X TOGETHER Announces Comeback Showcase for New Chapter with MOA - DIPE.CO.KR,,rumor,0.68,news_rss,https://news.google.com/rss/articles/CBMiREFVX3lxTE5KUm5nQ2VtaTFneExxWHB5bDVXMjZfdVBNYk52UnlzV09QNzlmTmV3N3NoRmpJd2pzcl9OOHEycVB5cGhG?oc=5,TOMORROW X TOGETHER Announces Comeback Showcase for New Chapter with MOA DIPE.CO.KR,recent_release,inexact_date ; missing_source_link,Confirm an official source and exact date before promoting the candidate.
TOMORROW X TOGETHER,Tomorrow X Together Announces First Comeback Post-Contract Renewal - 조선일보,,rumor,0.68,news_rss,https://news.google.com/rss/articles/CBMijgFBVV95cUxNWGFmZF91c1E3MVNJTTI4dDlxc1VfeDNHOWZGMUVXWHlMSl9VZVQ4QXN5NExtUTRRNXlqLTY0T3ZjUldKXzR2ZHRFVkRmaFZOUG9SSlJ5b1RwRVpUMkp6WHluc3Y1d01KcnkxaXdVVXhfM3Z6V0NQRV9uS040NHFZcGlLV2JkRG40dThtODNB?oc=5,Tomorrow X Together Announces First Comeback Post-Contract Renewal 조선일보,recent_release,inexact_date ; missing_source_link,Confirm an official source and exact date before promoting the candidate.
TREASURE,BIGBANG Returns for 20th Anniversary… Global Tour with YG confirmed,,rumor,0.64,agency_notice,https://www.ygfamily.com/en/news/report/7385,"BIGBANG Returns for 20th Anniversary… Global Tour with YG confirmed YG Entertainment has announced the return of one of its flagship IPs, BIGBANG, along with up...",recent_release,inexact_date,Keep the candidate in review until an exact date appears.
TREASURE,YG to Launch First New Boy Group in 6 Years Since TREASURE… Rookie Girl Group Project Also in Full Swing,,rumor,0.64,agency_notice,https://www.ygfamily.com/en/news/report/7389,YG to Launch First New Boy Group in 6 Years Since TREASURE… Rookie Girl Group Project Also in Full Swing YG has raised the expectations among global music fans...,recent_release,inexact_date,Keep the candidate in review until an exact date appears.
TWS,LE SSERAFIM and TWS join April comeback lineup - allkpop,,scheduled,0.58,news_rss,https://news.google.com/rss/articles/CBMijwFBVV95cUxPOW9KYnhjSUlXYTZXUDN5MXFtTGdwZklGc3lCd3NuTDJlOTVxd0FTTmhRVzNNejdBdjZDQVRySkJzSzFJT1BwakRaV1hsaF95SWpsczZHNnRicGNCM2ozOHJzOTZUamkwTW9SZExmSEFSYlFvX2g0QmNERW5KUnJNMWlRbE5vRWVXTTVPTW83Yw?oc=5,Future month reference: 2026-04. LE SSERAFIM and TWS join April comeback lineup allkpop,recent_release,low_confidence ; inexact_date,Review the evidence and confidence score manually.
TWS,LE SSERAFIM and TWS Set for April Comebacks as K-Pop Return Rush Intensifies - DIPE.CO.KR,,scheduled,0.58,news_rss,https://news.google.com/rss/articles/CBMiREFVX3lxTE9aMUtzSDlQa2FxSG9TZjNlMF9fcU9PYmE3WE1lUmJFaWhzOW5aaDQ4VVpXZkJxYkNLcEJhSkZCNlZUWFE1?oc=5,Future month reference: 2026-04. LE SSERAFIM and TWS Set for April Comebacks as K-Pop Return Rush Intensifies DIPE.CO.KR,recent_release,low_confidence ; inexact_date,Review the evidence and confidence score manually.
TWS,TWS Set for a High-Energy Spring Comeback Confirmed for April - OtakuKart,,scheduled,0.58,news_rss,https://news.google.com/rss/articles/CBMijAFBVV95cUxQZzJ5VkxoOGhGVS1GUEVVV0dMUnR1RkJHQlBqR2tGOGpWNUh2SXEwUzJ0czNVVHdlb1h3SzBMZnhPNXJHSWdaNlk5ajlOYy1wYTZYNDE2UUJmX3NpXzlhc1BXR0Q4SWR0ZXZqb2xja0lFYzhmQ2FKSS05cWZ0ZEkzZmJzMlFJRmstYVhfcA?oc=5,Future month reference: 2026-04. TWS Set for a High-Energy Spring Comeback Confirmed for April OtakuKart,recent_release,low_confidence ; inexact_date,Review the evidence and confidence score manually.
WHIB,WHIB announces comeback with first mini album ‘ROCK THE NATION’ - allkpop,,rumor,0.68,news_rss,https://news.google.com/rss/articles/CBMiowFBVV95cUxPN1JUd1hRRVNCWjZGamFFNFN1Z2FXdlJmOTZMRzNqNVdPNm9zbTRscVl6aFg5RTJGYjRYUGRhZzRoZVExV0JiMGR5LXc3UUF0VXE4UWxjV1MxMmNqMGtuUkE5TFp5TmZJMFdyaHYwT0pwU0ludDZPMnJaeEZhMXhReEg3aFlma1VmQmVMTnplNzY0Zk1iYjdsS2NEYVN0SmNKX1JV?oc=5,WHIB announces comeback with first mini album ‘ROCK THE NATION’ allkpop,filtered_out,inexact_date ; missing_source_link,Confirm an official source and exact date before promoting the candidate.
WHIB,"WHIB reunites as seven-member group, drops mini album and title track ""ROCK THE NATION"" on 29th - CHOSUNBIZ - Chosunbiz",,rumor,0.68,news_rss,https://news.google.com/rss/articles/CBMiiAFBVV95cUxOOTQ0RHBPQ3ByQTlQX2dtMkNZUndDWEtBM1pQbDBLOHByeEtDRnRveEZVRGlGcFdGMlBWRG9JSV8tUzJOWUtDZm1VaWUyMGFYWEdYa05RdHVEa3dqdDVSbzU3eWV5bHdKamZxOGRkWTJRdnQ4ZEE2ZjkyVGZrcVo5TG5yeFg0ZDJP0gGcAUFVX3lxTE0xeThmN21CeUdDRHdYc0FicFBPWmVxTWhwZGpia2MtWWNIcWpCSlJZTzlEVkVDems2Q09qbGlfazFwd2hIbDZQdWlaRVgxQ2Z4ZlJDUW94Y2szSExURk5CWkMyUW9fX0l5WkctRXFMTWR2QmlmSG9Gdk5Lb3RLNW9mb0ZZS2dPSjIwTXdPbnJNTVlROG1JWURSdXlhZw?oc=5,"WHIB reunites as seven-member group, drops mini album and title track ""ROCK THE NATION"" on 29th - CHOSUNBIZ Chosunbiz",filtered_out,inexact_date ; missing_source_link,Confirm an official source and exact date before promoting the candidate.
YOUNG POSSE,YOUNG POSSE Drops 'LOSE YOUR SHXT' Collaboration - 조선일보,,rumor,0.68,news_rss,https://news.google.com/rss/articles/CBMijgFBVV95cUxPQ0Y4Uk9DdGQ0V3JDWG8tUmpHdGNFSkRySDRJbThqU1Z0RGJ0UThUX0gxV2JQWmN5SEp1Q0c1RkZwRGgtSEg1TkhROFA5VGtiSE0wTVQ4U2dVYWo4bk4zRHk1dGw1Y1V4cnBMaUFyQzkyRXRfTDJEUzRQN29lRjJLZ29ZVHMtd0hSd1kxeVB3?oc=5,YOUNG POSSE Drops 'LOSE YOUR SHXT' Collaboration 조선일보,recent_release,inexact_date ; missing_source_link,Confirm an official source and exact date before promoting the candidate.
YOUNG POSSE,Young Posse drops collaboration single with Chinese rapper Benzo - CHOSUNBIZ - Chosunbiz,,rumor,0.68,news_rss,https://news.google.com/rss/articles/CBMiiAFBVV95cUxPTjdZMlpRNDV4M1Y4OXhoSnhCX0p0NG5TNllLZnBzVzY3RGxFNlBjLUdkZjlCYjhzWEs3YnNhM0t0SGRUOFJyUFFaVVl3TENmV3J3WEM3ekE3QWVrNDk1TS1meXQ4WmZ4NW04dGtQNEFneU9tYmVhRlFvZXplaGRfNUFfVmgxekZs0gGcAUFVX3lxTE8zU2UtTjdDdGxRd2Nua0hiN1gtWEx5YXZFa1FWcHNTcVpkbkJsTkJDVzBwSHJKa2tkZ3FFUjFzNmxFYlV5VDNoMlFuVHJFY085ZWc2Y21MZWxFVF9yU0FGSkhsdkpuQWhmRkpQSURKNlFNYzd4LTlBOVJxYmFTVXZQcjZlRmhUaXJ6QVlQRTExR0FFMm5maERLSFhESQ?oc=5,Young Posse drops collaboration single with Chinese rapper Benzo - CHOSUNBIZ Chosunbiz,recent_release,inexact_date ; missing_source_link,Confirm an official source and exact date before promoting the candidate.
YOUNG POSSE,YOUNG POSSE announces April comeback with new digital single - allkpop,,scheduled,0.76,news_rss,https://news.google.com/rss/articles/CBMiogFBVV95cUxQSEJNTnpUWHJkWGRHUlhvWnFId3BYTEJ4ZHVkZWppbktscmtYLThzRzkzek45UmVrTGd5di0wSmRUN2VjZ0M2YU1MLU9EbU8xTzY0Q3AzUHRzbHFXcDN6V2tYYjlXWGMtT3hlQUxhMFlKVVE4aU9RbDl0NGZfNU54S1NOdXJUSG9MUW5oaEd2VlEtd3dBUm1pV3RqSjJNcmIxR0E?oc=5,Future month reference: 2026-04. YOUNG POSSE announces April comeback with new digital single allkpop,recent_release,inexact_date,Keep the candidate in review until an exact date appears.
ZEROBASEONE,ZEROBASEONE Announces New Chapter as Five-Member Group - hellokpop,,rumor,0.56,news_rss,https://news.google.com/rss/articles/CBMijwFBVV95cUxQcTl0VDFsQ3RudzB3N3hoU1h6MGVicUFKbEoxSHhzbjlENUptREdZNlhZbVd3UGI0UGNKUElEZE1mTU04ZEFTRXZjeC02TEh1SjBFR3ZIcC1OQjl5ZERZRnJibW16eUxwUXFoY2dqU05sbm85ZHd1dEdORG1vclVIZXA2YXN2T2JtcG9zUTJCdw?oc=5,ZEROBASEONE Announces New Chapter as Five-Member Group hellokpop,recent_release,low_confidence ; inexact_date ; missing_source_link,Confirm an official source and exact date before promoting the candidate.
ZEROBASEONE,ZEROBASEONE Drops Track Poster for ‘Running To Future’ Ahead of Comeback - K-en News,,rumor,0.68,news_rss,https://news.google.com/rss/articles/CBMiakFVX3lxTE9BeUhpZUhiSnN5QkdyX0s2WG83X0htbHdlNkl3UXdYcmlDbHA2eUNOQjhoeUFHWDN0R2E3YUhjejRtdkk2NUFjVHUzYnhwWm5mOHRob3RKZGZCMnVSZXVkdlk3T2pvVmQ4QWfSAW5BVV95cUxOMmFwRWhrTkE3QS1ORkR2X01fVHdTU0I1dU1fMmxMTlpiRFFENnVOMnBSRHJjdEQ2dDAxV2pKY3dSb2NHdF9jSEN6ZW51SW8wV1hEU191WXBIZ1BwdXZEQWg4S0lpai1aNV9Gbi1RZw?oc=5,ZEROBASEONE Drops Track Poster for ‘Running To Future’ Ahead of Comeback K-en News,recent_release,inexact_date ; missing_source_link,Confirm an official source and exact date before promoting the candidate.
