group,release_title,release_date,stream,release_kind,track_titles,candidate_titles,candidate_sources,review_reason,recommended_action
&TEAM,First Howling : NOW,2023-11-15,album,album,War Cry ; Dropkick ; Really Crazy ; ALIEN ; FIREWORK ; Road Not Taken ; The moon is beautiful ; Blind Love ; Under the skin ; Scent of you ; BUZZ LOVE ; War Cry (Korean ver.) ; Road Not Taken (Korean ver.) ; FIREWORK (Korean ver.) ; Scent of you (Korean ver.) ; The Final Countdown (&TEAM ver.) ; Melody (&TEAM ver.) ; Running with the pack (&TEAM ver.),,,No dependable title-track signal was found for this release detail row.,"Confirm the promoted track(s) from a dependable source, then add explicit title_tracks to release_detail_overrides.json."
(G)I-DLE,I feel,2023-05-15,album,ep,퀸카 ; Allergy ; Lucid ; All Night ; Paradise ; 어린 어른,,,No dependable title-track signal was found for this release detail row.,"Confirm the promoted track(s) from a dependable source, then add explicit title_tracks to release_detail_overrides.json."
(G)I-DLE,I SWAY,2024-07-08,album,ep,클락션 (Klaxon) ; Last Forever ; Bloom ; Neverland,,,No dependable title-track signal was found for this release detail row.,"Confirm the promoted track(s) from a dependable source, then add explicit title_tracks to release_detail_overrides.json."
(G)I-DLE,We are,2025-05-19,album,ep,Good Thing ; Girlfriend ; Love Tease ; Chain ; Unstoppable ; 그래도 돼요,,,No dependable title-track signal was found for this release detail row.,"Confirm the promoted track(s) from a dependable source, then add explicit title_tracks to release_detail_overrides.json."
82MAJOR,BEAT by 82,2024-04-29,album,ep,Choke ; Birthday ; Illegal ; 82,,,No dependable title-track signal was found for this release detail row.,"Confirm the promoted track(s) from a dependable source, then add explicit title_tracks to release_detail_overrides.json."
82MAJOR,X-82,2024-11-15,album,ep,Stuck ; Thorns ; Face Time ; Gossip,,,No dependable title-track signal was found for this release detail row.,"Confirm the promoted track(s) from a dependable source, then add explicit title_tracks to release_detail_overrides.json."
82MAJOR,SILENCE SYNDROME,2025-04-14,album,ep,TAKEOVER ; Heroes ; Passport ; Promise You,,,No dependable title-track signal was found for this release detail row.,"Confirm the promoted track(s) from a dependable source, then add explicit title_tracks to release_detail_overrides.json."
8TURN,UNCHARTED DRIFT,2023-06-26,album,ep,WORLD ; EXCEL ; WALK IT OUT ; SKETCH ; ING,,,No dependable title-track signal was found for this release detail row.,"Confirm the promoted track(s) from a dependable source, then add explicit title_tracks to release_detail_overrides.json."
8TURN,STUNNING,2024-01-09,album,ep,THE GAME ; RU‐PUM PUM ; NOM ; WE HERE ; GLOW,,,No dependable title-track signal was found for this release detail row.,"Confirm the promoted track(s) from a dependable source, then add explicit title_tracks to release_detail_overrides.json."
8TURN,"로드 투 킹덤 : ACE OF ACE 〈NO LIMIT〉, Pt. 2",2024-10-31,album,ep,Armageddon ; Love Dive ; 월하미인 (LUNA) ; Armageddon (inst.) ; Love Dive (inst.) ; 월하미인 (LUNA) (inst.),,,No dependable title-track signal was found for this release detail row.,"Confirm the promoted track(s) from a dependable source, then add explicit title_tracks to release_detail_overrides.json."
AB6IX,THE FUTURE IS OURS: LOST,2023-05-29,album,ep,BLAZE ; LOSER ; REALITY ; EDEN ; SUCKER,,,No dependable title-track signal was found for this release detail row.,"Confirm the promoted track(s) from a dependable source, then add explicit title_tracks to release_detail_overrides.json."
AB6IX,THE FUTURE IS OURS: FOUND,2024-01-22,album,ep,WHISTLE ; GRAB ME ; TRAVELER ; ALL NIGHT ; ILY (I LOVE YOU),,,No dependable title-track signal was found for this release detail row.,"Confirm the promoted track(s) from a dependable source, then add explicit title_tracks to release_detail_overrides.json."
AB6IX,Find YOU,2024-08-13,album,ep,KILL ME ; F_ix YoU ; Just do it! ; Top Tier (rock version),,,No dependable title-track signal was found for this release detail row.,"Confirm the promoted track(s) from a dependable source, then add explicit title_tracks to release_detail_overrides.json."
AB6IX,BORN LIKE THIS,2024-10-10,album,ep,In My Vein ; NVKED ; Forever Young ; Hurt Me ; Butterfly Effect,,,No dependable title-track signal was found for this release detail row.,"Confirm the promoted track(s) from a dependable source, then add explicit title_tracks to release_detail_overrides.json."
aespa,SYNK : PARALLEL LINE,2024-10-09,song,single,UP ; Dopamine ; Bored! ; Spark,,,No dependable title-track signal was found for this release detail row.,"Confirm the promoted track(s) from a dependable source, then add explicit title_tracks to release_detail_overrides.json."
aespa,SYNK : aeXIS LINE,2025-11-17,song,single,BLUE ; Ketchup and Lemonade ; Tornado ; GOOD STUFF,,,No dependable title-track signal was found for this release detail row.,"Confirm the promoted track(s) from a dependable source, then add explicit title_tracks to release_detail_overrides.json."
AMPERS&ONE,AMPERSAND ONE,2023-11-15,song,single,On and On ; Sweet & Sour ; Sheesh,,,No dependable title-track signal was found for this release detail row.,"Confirm the promoted track(s) from a dependable source, then add explicit title_tracks to release_detail_overrides.json."
AMPERS&ONE,ONE HEARTED,2024-03-26,song,single,Broken Heart ; Crazy Stupid Fun ; Someday,,,No dependable title-track signal was found for this release detail row.,"Confirm the promoted track(s) from a dependable source, then add explicit title_tracks to release_detail_overrides.json."
AMPERS&ONE,ONE QUESTION,2024-10-22,album,ep,He + She = We ; Calling You Back ; Slide ; Whip It ; Over The Moon ; Fly,,,No dependable title-track signal was found for this release detail row.,"Confirm the promoted track(s) from a dependable source, then add explicit title_tracks to release_detail_overrides.json."
AMPERS&ONE,WILD & FREE,2025-04-08,album,ep,Kick Start ; My Mistake ; Who Are You ; I Know You ; Knock Knock ; WYD,,,No dependable title-track signal was found for this release detail row.,"Confirm the promoted track(s) from a dependable source, then add explicit title_tracks to release_detail_overrides.json."
AMPERS&ONE,LOUD & PROUD,2025-08-12,album,ep,That’s That ; Seesaw ; Get Famous ; Move Out ; Did It ; I’m Down,,,No dependable title-track signal was found for this release detail row.,"Confirm the promoted track(s) from a dependable source, then add explicit title_tracks to release_detail_overrides.json."
ARTMS,<Dall>,2024-05-31,album,album,url ; Virtual Angel ; Sparkle ; 은하수를 여행하는 히치하이커를 위한 안내서 ; Flower Rhythm ; Candy Crush ; Air ; Unf/Air ; 조난 ; Butterfly Effect ; Birth,,,No dependable title-track signal was found for this release detail row.,"Confirm the promoted track(s) from a dependable source, then add explicit title_tracks to release_detail_overrides.json."
ATBO,The Beginning : 飛上,2023-05-18,album,ep,BOUNCE ; Next to Me ; Just Dance ; Love Me ; Good Thing ; Just for Us,,,No dependable title-track signal was found for this release detail row.,"Confirm the promoted track(s) from a dependable source, then add explicit title_tracks to release_detail_overrides.json."
ATEEZ,GOLDEN HOUR : Part.2,2024-11-15,album,ep,DEEP DIVE ; Scene 1 : Value ; Ice on My Teeth ; Man on Fire ; Selfish Waltz ; Enough,,,No dependable title-track signal was found for this release detail row.,"Confirm the promoted track(s) from a dependable source, then add explicit title_tracks to release_detail_overrides.json."
ATEEZ,GOLDEN HOUR : Part.3,2025-06-13,album,ep,Lemon Drop ; Masterpiece ; Now this house ain't a home ; Castle ; Bridge : The Edge of Reality,,,No dependable title-track signal was found for this release detail row.,"Confirm the promoted track(s) from a dependable source, then add explicit title_tracks to release_detail_overrides.json."
ATEEZ,Ashes to Light,2025-09-17,album,album,Ash ; 12 Midnight ; Tippy Toes ; FACE ; Crescendo ; NOT OKAY ; Days ; Birthday ; Forevermore,,,No dependable title-track signal was found for this release detail row.,"Confirm the promoted track(s) from a dependable source, then add explicit title_tracks to release_detail_overrides.json."
BADVILLAIN,OVERSTEP,2024-06-03,song,single,BADVILLAIN ; 야호 (BADTITUDE) ; +82,,,No dependable title-track signal was found for this release detail row.,"Confirm the promoted track(s) from a dependable source, then add explicit title_tracks to release_detail_overrides.json."
BAE173,NEW CHAPTER : LUCEAT,2024-03-13,album,ep,Fifty‐Fifty ; CRIMSON ; You,,,No dependable title-track signal was found for this release detail row.,"Confirm the promoted track(s) from a dependable source, then add explicit title_tracks to release_detail_overrides.json."
BAE173,NEW CHAPTER : DESEAR,2025-10-14,album,ep,Turned Up ; Snap ; BLACKOUT ; WHAT ; NOBODY ; BAE (Before Anyone Else),,,No dependable title-track signal was found for this release detail row.,"Confirm the promoted track(s) from a dependable source, then add explicit title_tracks to release_detail_overrides.json."
BLITZERS,LUNCH‐BOX,2024-06-19,album,ep,Race Up ; SUPERPOWER ; RING RING ; FXXXIN SPRING ; SUPERPOWER (Eng ver.) ; Macarena (Eng ver.),,,No dependable title-track signal was found for this release detail row.,"Confirm the promoted track(s) from a dependable source, then add explicit title_tracks to release_detail_overrides.json."
BOYNEXTDOOR,WHO!,2023-05-30,song,single,But I Like You ; One and Only ; Serenade,,,No dependable title-track signal was found for this release detail row.,"Confirm the promoted track(s) from a dependable source, then add explicit title_tracks to release_detail_overrides.json."
BOYNEXTDOOR,WHY..,2023-09-04,album,ep,But I Like You ; One and Only ; Serenade ; Crying ; But Sometimes ; ABCDLOVE,,,No dependable title-track signal was found for this release detail row.,"Confirm the promoted track(s) from a dependable source, then add explicit title_tracks to release_detail_overrides.json."
BOYNEXTDOOR,HOW?,2024-04-15,album,ep,"OUR ; Amnesia ; So let’s go see the stars ; Earth, Wind & Fire ; l i f e i s c o o l ; Dear. My Darling ; Earth, Wind & Fire (English ver.)",,,No dependable title-track signal was found for this release detail row.,"Confirm the promoted track(s) from a dependable source, then add explicit title_tracks to release_detail_overrides.json."
BOYNEXTDOOR,"AND,",2024-07-09,song,single,"One and Only (Japanese Ver.) ; Earth, Wind & Fire (Japanese Ver.) ; But Sometimes (Japanese Ver.) ; GOOD DAY",,,No dependable title-track signal was found for this release detail row.,"Confirm the promoted track(s) from a dependable source, then add explicit title_tracks to release_detail_overrides.json."
BOYNEXTDOOR,No Genre,2025-05-13,album,ep,"123-78 ; I Feel Good ; Step By Step ; Is That True? ; Next Mistake ; IF I SAY, I LOVE YOU ; I Feel Good (English ver.)",,,No dependable title-track signal was found for this release detail row.,"Confirm the promoted track(s) from a dependable source, then add explicit title_tracks to release_detail_overrides.json."
BOYNEXTDOOR,BOYLIFE,2025-08-20,song,single,Count To Love ; I Feel Good (Japanese Ver.) ; Nice Guy (Japanese Ver.) ; Dangerous (Japanese Ver.),,,No dependable title-track signal was found for this release detail row.,"Confirm the promoted track(s) from a dependable source, then add explicit title_tracks to release_detail_overrides.json."
BOYNEXTDOOR,The Action,2025-10-20,album,ep,Live In Paris ; Hollywood Action ; JAM! ; Bathroom ; As Time Goes By,,,No dependable title-track signal was found for this release detail row.,"Confirm the promoted track(s) from a dependable source, then add explicit title_tracks to release_detail_overrides.json."
BTOB,Wind and Wish,2023-05-02,album,ep,나의 바람 (Wind And Wish) ; Heaven ; Day&Night ; Moon Ride ; Your Love,,,No dependable title-track signal was found for this release detail row.,"Confirm the promoted track(s) from a dependable source, then add explicit title_tracks to release_detail_overrides.json."
CHUNG HA,Christmas Promises,2024-12-03,song,single,Sleigh ; There Goes Santa Claus!,,,No dependable title-track signal was found for this release detail row.,"Confirm the promoted track(s) from a dependable source, then add explicit title_tracks to release_detail_overrides.json."
CHUNG HA,Alivio,2025-02-12,album,ep,Creepin’ ; Salty ; Loyal ; STRESS ; Beat of My Heart ; Even Steven (Happy Ending) ; Thanks for the Memories ; Still a Rose,,,No dependable title-track signal was found for this release detail row.,"Confirm the promoted track(s) from a dependable source, then add explicit title_tracks to release_detail_overrides.json."
cignature,그해 여름의 우리 (Us in the Summer),2023-08-29,album,ep,"어젯밤 이야기 (Mess With My Mind) ; 안녕, 인사해 (Smooth Sailing) ; Sorry So Sorry ; Little Me",,,No dependable title-track signal was found for this release detail row.,"Confirm the promoted track(s) from a dependable source, then add explicit title_tracks to release_detail_overrides.json."
cignature,Sweetie but Saltie,2024-06-10,album,ep,I Like I Like ; Poongdung ; Melody ; I Like I Like (Eng ver.),,,No dependable title-track signal was found for this release detail row.,"Confirm the promoted track(s) from a dependable source, then add explicit title_tracks to release_detail_overrides.json."
CIX,OK Episode 2 : I’m OK,2023-05-29,album,ep,"Back to life ; Save me, Kill me ; Curtain Call ; Color",,,No dependable title-track signal was found for this release detail row.,"Confirm the promoted track(s) from a dependable source, then add explicit title_tracks to release_detail_overrides.json."
CIX,0 or 1,2024-01-24,song,single,Lovers or Enemies ; My name is shadow,,,No dependable title-track signal was found for this release detail row.,"Confirm the promoted track(s) from a dependable source, then add explicit title_tracks to release_detail_overrides.json."
CIX,GO Chapter 1: GO Together,2025-09-08,album,ep,S.O.S ; WONDER YOU ; UPSTANDER ; IN MY DREAMS,,,No dependable title-track signal was found for this release detail row.,"Confirm the promoted track(s) from a dependable source, then add explicit title_tracks to release_detail_overrides.json."
CLASS:y,LOVE XX,2024-11-15,album,ep,Psycho and Beautiful ; Love Game ; Psycho and Beautiful (inst) ; Love Game (inst),,,No dependable title-track signal was found for this release detail row.,"Confirm the promoted track(s) from a dependable source, then add explicit title_tracks to release_detail_overrides.json."
CLOSE YOUR EYES,ETERNALT,2025-04-02,album,ep,Close Your Eyes ; 너를 담은 이 영화에 나의 가사가 자막이 돼 ; 내 안의 모든 시와 소설은 ; 빗속에서 춤추는 법 ; 못 본 척 ; To the Woods ; Stay 4 Good ; 사과가 하늘로 떨어진 날,,,No dependable title-track signal was found for this release detail row.,"Confirm the promoted track(s) from a dependable source, then add explicit title_tracks to release_detail_overrides.json."
CLOSE YOUR EYES,blackout,2025-11-11,album,ep,X ; SOB ; CHIC ; 2.0 ; Who’s Dat? (Jane Doe) ; X (english ver.),,,No dependable title-track signal was found for this release detail row.,"Confirm the promoted track(s) from a dependable source, then add explicit title_tracks to release_detail_overrides.json."
CRAVITY,EVERSHINE,2024-02-26,album,ep,C’est La Vie ; Love or Die ; Cherry Blossom ; Mr. ; Worst Thriller ; Over & Over,,,No dependable title-track signal was found for this release detail row.,"Confirm the promoted track(s) from a dependable source, then add explicit title_tracks to release_detail_overrides.json."
CRAVITY,FIND THE ORBIT,2024-12-05,song,single,Now or Never ; Secret ; Horizon,,,No dependable title-track signal was found for this release detail row.,"Confirm the promoted track(s) from a dependable source, then add explicit title_tracks to release_detail_overrides.json."
CRAVITY,Dare to Crave,2025-06-23,album,album,"On My Way ; SWISH ; SET NET G0?! ; Rendez‐vous ; PARANOIA ; Straight Up to Heaven (Sung by JUNGMO, WOOBIN, SEONGMIN) ; Stadium (Sung by ALLEN, WONJIN, HYEONGJUN) ; Marionette (Sung by SERIM, MINHEE, TAEYOUNG) ; Underdog ; Click, Flash, Pow ; Love Me Again ; Wish Upon a Star",,,No dependable title-track signal was found for this release detail row.,"Confirm the promoted track(s) from a dependable source, then add explicit title_tracks to release_detail_overrides.json."
DAY6,Fourever,2024-03-18,album,ep,Welcome to the Show ; HAPPY ; The Power of Love ; Get the Hell Out ; Sad Ending ; Let Me Love You ; didn't know,,,No dependable title-track signal was found for this release detail row.,"Confirm the promoted track(s) from a dependable source, then add explicit title_tracks to release_detail_overrides.json."
DAY6,"Psycho, Loveholic [THE SEASONS: Red Carpet with Lee Hyo Ri]",2024-03-31,album,ep,Psycho ; Loveholic ; Psycho (instrumental) ; Loveholic (instrumental),,,No dependable title-track signal was found for this release detail row.,"Confirm the promoted track(s) from a dependable source, then add explicit title_tracks to release_detail_overrides.json."
DAY6,Band Aid,2024-09-02,album,ep,괴물 ; 녹아내려요 ; 그녀가 웃었다 ; 망겜 ; 도와줘요 Rock&Roll ; COUNTER ; I’m Fine ; 아직 거기 살아,,,No dependable title-track signal was found for this release detail row.,"Confirm the promoted track(s) from a dependable source, then add explicit title_tracks to release_detail_overrides.json."
DAY6,The DECADE,2025-09-05,album,album,꿈의 버스 ; INSIDE OUT ; 해야 뜨지 말아 줘 ; Disco Day ; My Way ; 별들 앞에서 ; Take All My Heart ; 날아라! 드림라이더 ; 드디어 끝나갑니다 ; 우리의 계절,,,No dependable title-track signal was found for this release detail row.,"Confirm the promoted track(s) from a dependable source, then add explicit title_tracks to release_detail_overrides.json."
DKB,REBEL,2023-04-13,album,album,Sober - Japanese ver. ; Sober - Korean ver. ; Get Away ; Rollercoaster ; Sober - Japanese ver. - Remix ; Work Hard - Japanese ver. ; Still - Japanese ver.,,,No dependable title-track signal was found for this release detail row.,"Confirm the promoted track(s) from a dependable source, then add explicit title_tracks to release_detail_overrides.json."
DKB,HIP,2023-11-30,album,ep,"Ghost Ridah (Wow Wow) ; What The Hell ; Me, Me & You ; Slush ; Fireworks",,,No dependable title-track signal was found for this release detail row.,"Confirm the promoted track(s) from a dependable source, then add explicit title_tracks to release_detail_overrides.json."
DKB,Urban Ride,2024-07-17,album,ep,Star ; Flirting X ; TAEKWONDO ; Traveler ; LET’S DANCE,,,No dependable title-track signal was found for this release detail row.,"Confirm the promoted track(s) from a dependable source, then add explicit title_tracks to release_detail_overrides.json."
DKB,Emotion,2025-10-23,album,ep,"Irony ; Snake ; Weekend ; Cinderella ; Hello, Goodbye (Rollercoaster)",,,No dependable title-track signal was found for this release detail row.,"Confirm the promoted track(s) from a dependable source, then add explicit title_tracks to release_detail_overrides.json."
Dreamcatcher,[Apocalypse : From us],2023-05-24,album,ep,Intro : From us ; BONVOYAGE ; DEMIAN ; Propose ; To. You,,,No dependable title-track signal was found for this release detail row.,"Confirm the promoted track(s) from a dependable source, then add explicit title_tracks to release_detail_overrides.json."
Dreamcatcher,[VillainS],2023-11-22,album,ep,Intro : This My Fashion ; OOTD ; Rising ; Shatter ; We Are Young,,,No dependable title-track signal was found for this release detail row.,"Confirm the promoted track(s) from a dependable source, then add explicit title_tracks to release_detail_overrides.json."
Dreamcatcher,[VirtuouS],2024-07-10,album,ep,Intro : 7’ Dreamcatcher ; JUSTICE ; STΦMP! ; 2 Rings ; Fireflies,,,No dependable title-track signal was found for this release detail row.,"Confirm the promoted track(s) from a dependable source, then add explicit title_tracks to release_detail_overrides.json."
DXMON,HYPERSPACE 911,2024-05-14,song,single,"Girls, Love boys, Love girls ; Vitamin You ; Feel The Vxbe",,,No dependable title-track signal was found for this release detail row.,"Confirm the promoted track(s) from a dependable source, then add explicit title_tracks to release_detail_overrides.json."
DXMON,Youth Never DIE,2024-10-21,song,single,Zip Zip Zip ; Heart Balloon ; Zip Zip Zip (instrumental),,,No dependable title-track signal was found for this release detail row.,"Confirm the promoted track(s) from a dependable source, then add explicit title_tracks to release_detail_overrides.json."
ENHYPEN,DARK BLOOD,2023-05-22,album,ep,Fate ; Bite Me ; Sacrifice (Eat Me Up) ; Chaconne ; Bills ; Karma,,,No dependable title-track signal was found for this release detail row.,"Confirm the promoted track(s) from a dependable source, then add explicit title_tracks to release_detail_overrides.json."
ENHYPEN,結 -YOU-,2023-08-02,song,single,Bite Me (Japanese ver.) ; Bills (Japanese ver.) ; BLOSSOM,,,No dependable title-track signal was found for this release detail row.,"Confirm the promoted track(s) from a dependable source, then add explicit title_tracks to release_detail_overrides.json."
ENHYPEN,ORANGE BLOOD,2023-11-17,album,ep,Mortal ; Sweet Venom ; Still Monster ; 멀어 ; Orange Flower (You Complete Me) ; Sweet Venom (English ver.),,,No dependable title-track signal was found for this release detail row.,"Confirm the promoted track(s) from a dependable source, then add explicit title_tracks to release_detail_overrides.json."
ENHYPEN,MEMORABILIA,2024-05-13,album,ep,One In A Billion ; CRIMINAL LOVE ; Fatal Trouble ; Teeth ; Lucifer ; Scream,,,No dependable title-track signal was found for this release detail row.,"Confirm the promoted track(s) from a dependable source, then add explicit title_tracks to release_detail_overrides.json."
EPEX,Prelude of Love Chapter 2. ‘Growing Pains’,2023-04-26,album,ep,"My Darling ; Sunshower ; Goodbye, My First Love ; SKYLINE",,,No dependable title-track signal was found for this release detail row.,"Confirm the promoted track(s) from a dependable source, then add explicit title_tracks to release_detail_overrides.json."
EPEX,Youth Chapter 2 : YOUTH DEFICIENCY,2024-11-05,album,album,UNIVERSE ; My Girl ; 1997 ; It is what it is ; Attosecond ; Wonderful ; Closer ; Loner,,,No dependable title-track signal was found for this release detail row.,"Confirm the promoted track(s) from a dependable source, then add explicit title_tracks to release_detail_overrides.json."
EPEX,Youth Chapter 3 : ROMANTIC YOUTH,2025-07-28,album,album,Waffle ; Bang ; Picasso ; Grateful to Tears ; Dances with Wolves ; Morning to midnight ; Whale fall ; Pluto,,,No dependable title-track signal was found for this release detail row.,"Confirm the promoted track(s) from a dependable source, then add explicit title_tracks to release_detail_overrides.json."
EVNNE,Target: ME,2023-09-19,album,ep,TROUBLE ; Role Model ; Pretty Thing ; Your Text ; JUKEBOX ; Even More,,,No dependable title-track signal was found for this release detail row.,"Confirm the promoted track(s) from a dependable source, then add explicit title_tracks to release_detail_overrides.json."
EVNNE,Un: SEEN,2024-01-22,album,ep,UGLY ; SYRUP ; K.O. (Keep On) ; Chase ; Festa,,,No dependable title-track signal was found for this release detail row.,"Confirm the promoted track(s) from a dependable source, then add explicit title_tracks to release_detail_overrides.json."
EVNNE,RIDE or DIE,2024-06-17,album,ep,Badder Love ; I <3 U (I love U) ; XO ; 2배속 (2X) ; Boom Bari ; Badder Love (English ver.),,,No dependable title-track signal was found for this release detail row.,"Confirm the promoted track(s) from a dependable source, then add explicit title_tracks to release_detail_overrides.json."
EVNNE,LOVE ANECDOTE(S),2025-08-04,album,ep,dirtybop ; How Can I Do ; Mako ; love chat ; PUT IT ON ME ; Newest,,,No dependable title-track signal was found for this release detail row.,"Confirm the promoted track(s) from a dependable source, then add explicit title_tracks to release_detail_overrides.json."
FIFTY FIFTY,Winter Glow,2024-12-09,song,single,When You Say My Name ; Naughty or Nice,,,No dependable title-track signal was found for this release detail row.,"Confirm the promoted track(s) from a dependable source, then add explicit title_tracks to release_detail_overrides.json."
fromis_9,Unlock My World,2023-06-05,album,album,Attitude ; #menow ; Wishlist ; In the Mirror ; Don’t Care ; Prom Night ; Bring It On ; What I Want ; My Night Routine ; Eye Contact,,,No dependable title-track signal was found for this release detail row.,"Confirm the promoted track(s) from a dependable source, then add explicit title_tracks to release_detail_overrides.json."
fromis_9,From Our 20’s,2025-06-25,album,ep,LIKE YOU BETTER ; REBELUTIONAL ; Love=Disaster ; Strawberry Mimosa ; Twisted Love ; Merry Go Round,,,No dependable title-track signal was found for this release detail row.,"Confirm the promoted track(s) from a dependable source, then add explicit title_tracks to release_detail_overrides.json."
GHOST9,ARCADE : O,2023-10-25,album,ep,Let’s Get Lost ; RUCKUS ; B.O.M.C. (Bang On My Chest) ; Rolling Stones ; Love Parachute ; Bookmark,,,No dependable title-track signal was found for this release detail row.,"Confirm the promoted track(s) from a dependable source, then add explicit title_tracks to release_detail_overrides.json."
H1-KEY,Seoul Dreaming,2023-08-30,album,ep,Intro : Seoul Dreaming ; SEOUL (Such a Beautiful City) ; 불빛을 꺼뜨리지 마 (Time to Shine) ; Low‐key Scared But H1-KEY Ready ; Magical Dream ; SEOUL (Such a Beautiful City) (inst.) ; 불빛을 꺼뜨리지 마 (Time to Shine) (inst.),,,No dependable title-track signal was found for this release detail row.,"Confirm the promoted track(s) from a dependable source, then add explicit title_tracks to release_detail_overrides.json."
H1-KEY,LOVE or HATE,2024-06-19,album,ep,Let It Burn ; ♥ Letter ; Iconic ; Rainfalls,,,No dependable title-track signal was found for this release detail row.,"Confirm the promoted track(s) from a dependable source, then add explicit title_tracks to release_detail_overrides.json."
H1-KEY,Lovestruck,2025-06-26,album,ep,"Good for U ; Summer Was You ; One, Two, Three, Four ; Let Me Be Your Sea ; Summer Was You (instrumental)",,,No dependable title-track signal was found for this release detail row.,"Confirm the promoted track(s) from a dependable source, then add explicit title_tracks to release_detail_overrides.json."
H1-KEY,LOVECHAPTER,2026-03-05,album,ep,Be full of Romantic ; To. My First Love ; Stuck with You ; My Wish ; Not Like a Movie ; To. My First Love (instrumental) ; Not Like a Movie (instrumental),,,No dependable title-track signal was found for this release detail row.,"Confirm the promoted track(s) from a dependable source, then add explicit title_tracks to release_detail_overrides.json."
ifeye,ERLU BLUE,2025-04-08,album,ep,NERDY ; IRL ; BUBBLE UP ; NERDY (English version),,,No dependable title-track signal was found for this release detail row.,"Confirm the promoted track(s) from a dependable source, then add explicit title_tracks to release_detail_overrides.json."
ifeye,sweet tang,2025-07-16,album,ep,loverboy ; friend like me ; round and round ; ifeye (interlude) ; r u ok? ; say moo! ; echo,,,No dependable title-track signal was found for this release detail row.,"Confirm the promoted track(s) from a dependable source, then add explicit title_tracks to release_detail_overrides.json."
INFINITE,13egin,2023-07-31,album,ep,Intro : 13 ; New Emotions ; 시차 ; I Got You ; Find Me ; New Emotions (inst.),,,No dependable title-track signal was found for this release detail row.,"Confirm the promoted track(s) from a dependable source, then add explicit title_tracks to release_detail_overrides.json."
INFINITE,LIKE INFINITE,2025-03-06,album,ep,Heat It Up ; Dangerous ; Way You Are ; Umbrella ; Sad Loop ; Where U R ; Dangerous (inst.),,,No dependable title-track signal was found for this release detail row.,"Confirm the promoted track(s) from a dependable source, then add explicit title_tracks to release_detail_overrides.json."
ITZY,KILL MY DOUBT,2023-07-31,album,ep,BET ON ME ; CAKE ; None of My Business ; Bratty (나쁜 애) ; Psychic Lover ; Kill Shot,,,No dependable title-track signal was found for this release detail row.,"Confirm the promoted track(s) from a dependable source, then add explicit title_tracks to release_detail_overrides.json."
ITZY,Collector,2025-10-08,album,album,ROCK & ROLL ; I. I. Know Me ; Out of season ; Trigger ; Wind Ride ; Algorhythm (Final ver.) ; No Biggie (Final ver.) ; GOLD -Japanese ver.- ; Imaginary Friend -Japanese ver.- ; Girls Will Be Girls -Japanese ver.-,,,No dependable title-track signal was found for this release detail row.,"Confirm the promoted track(s) from a dependable source, then add explicit title_tracks to release_detail_overrides.json."
IVE,IVE SWITCH,2024-04-29,album,ep,해야 (HEYA) ; Accendio ; Blue Heart ; Ice Queen ; WOW ; RESET,,,No dependable title-track signal was found for this release detail row.,"Confirm the promoted track(s) from a dependable source, then add explicit title_tracks to release_detail_overrides.json."
IVE,IVE SECRET,2025-08-25,album,ep,"XOXZ ; Wild Bird ; Dear, My Feelings ; GOTCHA (Baddest Eros) ; 삐빅 (♥beats) ; Midnight Kiss",,,No dependable title-track signal was found for this release detail row.,"Confirm the promoted track(s) from a dependable source, then add explicit title_tracks to release_detail_overrides.json."
izna,N/a,2024-11-25,album,ep,IZNA ; TIMEBOMB ; IWALY (izna ver.) ; DRIP ; FAKE IT,,,No dependable title-track signal was found for this release detail row.,"Confirm the promoted track(s) from a dependable source, then add explicit title_tracks to release_detail_overrides.json."
izna,Not Just Pretty,2025-09-30,album,ep,Supercrush ; Mamma Mia ; Racecar ; In the Rain ; SIGN (remix),,,No dependable title-track signal was found for this release detail row.,"Confirm the promoted track(s) from a dependable source, then add explicit title_tracks to release_detail_overrides.json."
JEON SOMI,GAME PLAN,2023-08-07,album,ep,금금금 ; Fast Forward ; 개별로 ; 자두 ; The Way,,,No dependable title-track signal was found for this release detail row.,"Confirm the promoted track(s) from a dependable source, then add explicit title_tracks to release_detail_overrides.json."
KARD,Where To Now? (Part 1 : Yellow Light),2024-08-13,album,ep,Waste My Time ; Tell My Momma ; Boombox ; SHIMMY SHIMMY ; SPIN ; Tell My Momma (inst.) ; Boombox (inst.),,,No dependable title-track signal was found for this release detail row.,"Confirm the promoted track(s) from a dependable source, then add explicit title_tracks to release_detail_overrides.json."
KARD,DRIFT,2025-07-02,album,ep,BETCHA ; Touch ; Before We Go ; Top Down ; Pivot ; Touch (instrumental) ; Pivot (instrumental),,,No dependable title-track signal was found for this release detail row.,"Confirm the promoted track(s) from a dependable source, then add explicit title_tracks to release_detail_overrides.json."
Kep1er,LOVESTRUCK!,2023-04-10,album,ep,Giddy ; LVLY ; Back to the City ; Why ; Happy Ending,,,No dependable title-track signal was found for this release detail row.,"Confirm the promoted track(s) from a dependable source, then add explicit title_tracks to release_detail_overrides.json."
Kep1er,Magic Hour,2023-09-25,album,ep,Galileo ; The Door ; Love on Lock ; Tropical Light ; TAPE,,,No dependable title-track signal was found for this release detail row.,"Confirm the promoted track(s) from a dependable source, then add explicit title_tracks to release_detail_overrides.json."
KickFlip,"Flip it, Kick it!",2025-01-20,album,ep,Mama Said (뭐가 되려고?) ; 응 그래 ; WARRIORS ; Knock Knock ; Like a Monster ; See You on Tomorrow,,,No dependable title-track signal was found for this release detail row.,"Confirm the promoted track(s) from a dependable source, then add explicit title_tracks to release_detail_overrides.json."
KickFlip,"Kick Out, Flip Now!",2025-05-26,album,ep,FREEZE ; Skip It! ; Before the Sun Explodes ; Electricity ; Complicated!! ; Code Red ; How We KickFlip,,,No dependable title-track signal was found for this release detail row.,"Confirm the promoted track(s) from a dependable source, then add explicit title_tracks to release_detail_overrides.json."
KickFlip,My First Flip,2025-09-22,album,ep,My First Love Song ; Band‐Aid ; Crush ; Tiki‐taka ; Gas on It ; 404: Not Found ; Secret Nightmare,,,No dependable title-track signal was found for this release detail row.,"Confirm the promoted track(s) from a dependable source, then add explicit title_tracks to release_detail_overrides.json."
KickFlip,"From KickFlip, To WeFlip",2026-01-20,song,single,Hyper Slide ; Good Night,,,No dependable title-track signal was found for this release detail row.,"Confirm the promoted track(s) from a dependable source, then add explicit title_tracks to release_detail_overrides.json."
KISS OF LIFE,KISS OF LIFE,2023-07-05,album,ep,Shhh ; Bye My Neverland ; Sugarcoat (NATTY Solo) ; Countdown (BELLE Solo) ; Kitty Cat (JULIE Solo) ; Play Love Games (HANEUL Solo),,,No dependable title-track signal was found for this release detail row.,"Confirm the promoted track(s) from a dependable source, then add explicit title_tracks to release_detail_overrides.json."
KISS OF LIFE,Born to be XX,2023-11-08,album,ep,Bad News ; Nobody Knows ; My 808 ; TTG ; Gentleman ; Says It ; Bad News (ENG ver.),,,No dependable title-track signal was found for this release detail row.,"Confirm the promoted track(s) from a dependable source, then add explicit title_tracks to release_detail_overrides.json."
KISS OF LIFE,KISS ROAD,2025-05-07,song,single,"Live, Love, Laugh ; W.House ; Live, Love, Laugh (inst.)",,,No dependable title-track signal was found for this release detail row.,"Confirm the promoted track(s) from a dependable source, then add explicit title_tracks to release_detail_overrides.json."
KISS OF LIFE,224,2025-06-09,album,ep,Lips Hips Kiss ; Tell Me ; k bye ; Painting ; Slide ; Heart of Gold ; Think Twice,,,No dependable title-track signal was found for this release detail row.,"Confirm the promoted track(s) from a dependable source, then add explicit title_tracks to release_detail_overrides.json."
Loossemble,Loossemble,2023-09-15,album,ep,Intro: Searching for their friends ; Sensitive ; Real world ; Colouring ; Newtopia ; Strawberry soda ; Day by day ; Sensitive (English ver.),,,No dependable title-track signal was found for this release detail row.,"Confirm the promoted track(s) from a dependable source, then add explicit title_tracks to release_detail_overrides.json."
Loossemble,One of a Kind,2024-04-15,album,ep,Intro (A Butterfly’s Signal) ; Girls’ Night ; Moonlight ; Boomerang ; He Said I Said ; Truman Show ; Starlight ; Girls’ Night (inst.),,,No dependable title-track signal was found for this release detail row.,"Confirm the promoted track(s) from a dependable source, then add explicit title_tracks to release_detail_overrides.json."
LUN8,CONTINUE?,2023-06-15,album,ep,Voyager ; Wild Heart ; XX ; We Like It ; Live In The Moment,,,No dependable title-track signal was found for this release detail row.,"Confirm the promoted track(s) from a dependable source, then add explicit title_tracks to release_detail_overrides.json."
LUN8,BUFF,2024-03-13,album,ep,MON2SUN (MON♡SUN) ; SUPER POWER ; GOT THE RIZZ ; PASTEL ; Now ; SUPER POWER (English ver.),,,No dependable title-track signal was found for this release detail row.,"Confirm the promoted track(s) from a dependable source, then add explicit title_tracks to release_detail_overrides.json."
LUN8,AWAKENING,2024-08-14,album,ep,Ride ; WHIP ; DELULU ; Love Trailer ; Life Is a Movie,,,No dependable title-track signal was found for this release detail row.,"Confirm the promoted track(s) from a dependable source, then add explicit title_tracks to release_detail_overrides.json."
MONSTA X,THE X,2025-09-01,album,ep,Do What I Want ; N the Front ; Savior ; Tuscan Leather ; Catch Me Now ; Fire & Ice,,,No dependable title-track signal was found for this release detail row.,"Confirm the promoted track(s) from a dependable source, then add explicit title_tracks to release_detail_overrides.json."
NCT 127,WALK,2024-07-15,album,album,Intro: Wall to Wall ; 삐그덕 ; No Clue ; 오렌지색 물감 ; Pricey ; Time Capsule ; 영화처럼 ; Rain Drop ; Gas ; 서서히 ; 사랑한다는 말의 뜻을 알아가자,,,No dependable title-track signal was found for this release detail row.,"Confirm the promoted track(s) from a dependable source, then add explicit title_tracks to release_detail_overrides.json."
NCT DREAM,DREAM( )SCAPE,2024-03-25,album,ep,icantfeelanything ; Smoothie ; BOX ; Carat Cake ; UNKNOWN ; Breathing,,,No dependable title-track signal was found for this release detail row.,"Confirm the promoted track(s) from a dependable source, then add explicit title_tracks to release_detail_overrides.json."
NCT DREAM,RE:WORKS,2024-10-10,song,single,Supernova (KENZIE RE:WORKS) ; Hello Future (KENZIE RE:WORKS) ; Memories (KENZIE RE:WORKS),,,No dependable title-track signal was found for this release detail row.,"Confirm the promoted track(s) from a dependable source, then add explicit title_tracks to release_detail_overrides.json."
NCT DREAM,Go Back to the Future,2025-07-14,album,album,BTTF ; CHILLER ; I LIKE IT ; DREAM TEAM ; Interlude : Back to Our Paradise ; ’Bout You ; That Summer ; Miss Me ; Beautiful Sailing,,,No dependable title-track signal was found for this release detail row.,"Confirm the promoted track(s) from a dependable source, then add explicit title_tracks to release_detail_overrides.json."
NewJeans,How Sweet & Bubble Gum,2024-05-24,song,single,How Sweet ; Bubble Gum ; How Sweet (instrumental) ; Bubble Gum (instrumental),,,No dependable title-track signal was found for this release detail row.,"Confirm the promoted track(s) from a dependable source, then add explicit title_tracks to release_detail_overrides.json."
NMIXX,Fe3O4: STICK OUT,2024-08-19,album,ep,"별별별 (See that?) ; SICKUHH ; Red light sign, but we go ; BEAT BEAT ; Moving On ; Love Is Lonely",,,No dependable title-track signal was found for this release detail row.,"Confirm the promoted track(s) from a dependable source, then add explicit title_tracks to release_detail_overrides.json."
NOMAD,NOMAD,2024-02-28,album,ep,No pressure ; California love ; Oasis ; Automatic ; Let me love you ; Lights on ; Eye 2 eye,,,No dependable title-track signal was found for this release detail row.,"Confirm the promoted track(s) from a dependable source, then add explicit title_tracks to release_detail_overrides.json."
ONEUS,PYGMALION,2023-05-08,album,ep,Intro : LETHE ; ERASE ME ; Unforgettable ; ECHO ; Halley’s Comet,,,No dependable title-track signal was found for this release detail row.,"Confirm the promoted track(s) from a dependable source, then add explicit title_tracks to release_detail_overrides.json."
ONEUS,La Dolce Vita,2023-09-26,album,ep,Intro : Beggin’ you ; Baila Conmigo ; Simulation ; Epilogue ; Baila Conmigo (Spanish ver.),,,No dependable title-track signal was found for this release detail row.,"Confirm the promoted track(s) from a dependable source, then add explicit title_tracks to release_detail_overrides.json."
ONEUS,"로드 투 킹덤 : ACE OF ACE 〈VS〉, Pt. 2",2024-10-04,album,ep,영웅(英雄; Kick It) ; WATCH IT ; 영웅(英雄; Kick It) (instrumental) ; WATCH IT (instrumental),,,No dependable title-track signal was found for this release detail row.,"Confirm the promoted track(s) from a dependable source, then add explicit title_tracks to release_detail_overrides.json."
ONEUS,"로드 투 킹덤 : ACE OF ACE 〈NO LIMIT〉, Pt. 2",2024-10-31,album,ep,Armageddon ; Love Dive ; 월하미인 (LUNA) ; Armageddon (inst.) ; Love Dive (inst.) ; 월하미인 (LUNA) (inst.),,,No dependable title-track signal was found for this release detail row.,"Confirm the promoted track(s) from a dependable source, then add explicit title_tracks to release_detail_overrides.json."
ONEUS,Dear.M,2025-01-14,album,album,IKUK ; We Are Young ; DEVILISH LOVE ; W ; Rupert's drop ; Valkyrie (Penta ver.) ; Twilight (Penta ver.) ; LIT (Penta ver.) ; A Song Written Easily (Penta ver.) ; TO BE OR NOT TO BE (Penta ver.) ; BBUSYEO (Penta ver.) ; No diggity (Penta ver.) ; BLACK MIRROR (Penta ver.) ; Life is Beautiful (Penta ver.) ; LUNA (Penta ver.) ; Bring it on (Penta ver.) ; Same Scent (Penta ver.),,,No dependable title-track signal was found for this release detail row.,"Confirm the promoted track(s) from a dependable source, then add explicit title_tracks to release_detail_overrides.json."
ONEWE,XOXO,2023-08-29,song,single,SALTY BOY ; 동서남북 (Omnipresent) ; SALTY BOY (inst.) ; 동서남북 (Omnipresent) (inst.),,,No dependable title-track signal was found for this release detail row.,"Confirm the promoted track(s) from a dependable source, then add explicit title_tracks to release_detail_overrides.json."
ONEWE,Planet Nine : ISOTROPY,2024-04-17,album,ep,Beautiful Ashes ; Shoot It Out ; Meteor Shower ; Count The Stars ; Kiss in the Rain ; Pleasant,,,No dependable title-track signal was found for this release detail row.,"Confirm the promoted track(s) from a dependable source, then add explicit title_tracks to release_detail_overrides.json."
ONEWE,SECRET SANTA,2024-12-23,song,single,WE X MAS ; ACTOR,,,No dependable title-track signal was found for this release detail row.,"Confirm the promoted track(s) from a dependable source, then add explicit title_tracks to release_detail_overrides.json."
ONEWE,WE : Dream Chaser,2025-03-05,album,album,Alice ; The Starry Night ; EVILDOER ; Traffic Love ; Coincidence ; Endless ; Rise Again ; Dreamcatcher ; All the things I love ; Indelible ; Sole Star,,,No dependable title-track signal was found for this release detail row.,"Confirm the promoted track(s) from a dependable source, then add explicit title_tracks to release_detail_overrides.json."
ONF,Beautiful Shadow,2024-04-08,album,ep,"Bye My Monster ; Aphrodite ; Breath, Haze & Shadow ; Chemical Type ; Slave to the Rhythm",,,No dependable title-track signal was found for this release detail row.,"Confirm the promoted track(s) from a dependable source, then add explicit title_tracks to release_detail_overrides.json."
ONF,ONF:My Identity,2025-02-18,album,album,The Stranger ; Night Tale ; Nothing but a Stranger (On Team ver.) ; Anti Hero (Off Team ver.) ; Good Place ; Collab,,,No dependable title-track signal was found for this release detail row.,"Confirm the promoted track(s) from a dependable source, then add explicit title_tracks to release_detail_overrides.json."
P1Harmony,HARMONY : ALL IN,2023-06-08,album,ep,JUMP ; Love Me for Me ; New Classic ; More Than Words ; Heartbeat Drum ; I Am You,,,No dependable title-track signal was found for this release detail row.,"Confirm the promoted track(s) from a dependable source, then add explicit title_tracks to release_detail_overrides.json."
PLAVE,’Caligo Pt.1’,2025-02-03,album,ep,Chroma Drift ; Dash ; RIZZ ; Island ; 12:32 (A to T),,,No dependable title-track signal was found for this release detail row.,"Confirm the promoted track(s) from a dependable source, then add explicit title_tracks to release_detail_overrides.json."
Purple Kiss,DEAR VIOLET,2023-03-22,album,ep,Sweet Juice -Japanese ver.- ; Nerdy -Japanese ver.- ; memeM -Japanese ver.- ; トナリ ; Zombie -Japanese ver.- ; Ponzona -Japanese ver.-,,,No dependable title-track signal was found for this release detail row.,"Confirm the promoted track(s) from a dependable source, then add explicit title_tracks to release_detail_overrides.json."
Purple Kiss,FESTA,2023-09-05,song,single,7HEAVEN ; Biscuit ; Mistake,,,No dependable title-track signal was found for this release detail row.,"Confirm the promoted track(s) from a dependable source, then add explicit title_tracks to release_detail_overrides.json."
Purple Kiss,BXX,2024-03-19,album,ep,Intro : Crush ; BBB ; BITTER SWEET ; Toy Boy ; Heart Attack ; Voyager,,,No dependable title-track signal was found for this release detail row.,"Confirm the promoted track(s) from a dependable source, then add explicit title_tracks to release_detail_overrides.json."
Purple Kiss,ON THE VIOLET,2024-07-17,album,ep,BBB - Japanese ver. - ; Pretty Psycho - Japanese ver. - ; 7HEAVEN - Japanese ver. - ; So Far So Good - Japanese ver. -,,,No dependable title-track signal was found for this release detail row.,"Confirm the promoted track(s) from a dependable source, then add explicit title_tracks to release_detail_overrides.json."
Purple Kiss,HEADWAY,2024-10-22,album,ep,Intro : Concrete Jungle ; ON MY BIKE ; Sweet Nightmare ; Encore ; Light the way,,,No dependable title-track signal was found for this release detail row.,"Confirm the promoted track(s) from a dependable source, then add explicit title_tracks to release_detail_overrides.json."
Purple Kiss,I Miss My…,2025-07-16,song,single,DOREMI ; Lost & Found ; VVV,,,No dependable title-track signal was found for this release detail row.,"Confirm the promoted track(s) from a dependable source, then add explicit title_tracks to release_detail_overrides.json."
Purple Kiss,OUR NOW,2025-08-31,album,album,DOREMI (English ver.) ; WANT U BACK ; Unhappily Ever After ; Ponzona (English ver.) ; Zombie (English ver.) ; memeM (English ver.) ; Sweet Juice (English ver.) ; 7HEAVEN (English ver.),,,No dependable title-track signal was found for this release detail row.,"Confirm the promoted track(s) from a dependable source, then add explicit title_tracks to release_detail_overrides.json."
QWER,"In a million noises, I’ll be your harmony",2025-06-09,album,ep,눈물참기 ; 행복해져라 ; 검색어는 QWER ; OVERDRIVE ; D‐Day ; Yours Sincerely,,,No dependable title-track signal was found for this release detail row.,"Confirm the promoted track(s) from a dependable source, then add explicit title_tracks to release_detail_overrides.json."
RESCENE,SCENEDROME,2024-08-27,album,ep,Lucky you ; LOVE ATTACK ; New World ; Pinball,,,No dependable title-track signal was found for this release detail row.,"Confirm the promoted track(s) from a dependable source, then add explicit title_tracks to release_detail_overrides.json."
RESCENE,Dearest,2025-07-02,song,single,Deja Vu ; Mood,,,No dependable title-track signal was found for this release detail row.,"Confirm the promoted track(s) from a dependable source, then add explicit title_tracks to release_detail_overrides.json."
RIIZE,RE:WORKS,2024-10-10,song,single,Supernova (KENZIE RE:WORKS) ; Hello Future (KENZIE RE:WORKS) ; Memories (KENZIE RE:WORKS),,,No dependable title-track signal was found for this release detail row.,"Confirm the promoted track(s) from a dependable source, then add explicit title_tracks to release_detail_overrides.json."
SAY MY NAME,SAY MY NAME,2024-10-16,album,ep,난 오늘 밤하늘에서 가장 빛나는 별이 된다 ; WaveWay ; 8llowme ; Goldilocks Water,,,No dependable title-track signal was found for this release detail row.,"Confirm the promoted track(s) from a dependable source, then add explicit title_tracks to release_detail_overrides.json."
SAY MY NAME,My Name Is…,2025-03-13,album,ep,"XOXO ; 1,2,3,4 ; ShaLala ; For My Dream ; 처음 만난 그날처럼 (He Told Me)",,,No dependable title-track signal was found for this release detail row.,"Confirm the promoted track(s) from a dependable source, then add explicit title_tracks to release_detail_overrides.json."
SEVENTEEN,FML,2023-04-24,album,ep,F*ck My Life ; Super ; Fire ; I Don’t Understand but I Luv U ; Dust ; April shower,,,No dependable title-track signal was found for this release detail row.,"Confirm the promoted track(s) from a dependable source, then add explicit title_tracks to release_detail_overrides.json."
SEVENTEEN,SEVENTEENTH HEAVEN,2023-10-23,album,ep,SOS ; God of Music ; Diamond Days ; Back 2 Back ; Monster ; Yawn ; Headliner ; God of Music (inst.),,,No dependable title-track signal was found for this release detail row.,"Confirm the promoted track(s) from a dependable source, then add explicit title_tracks to release_detail_overrides.json."
SEVENTEEN,SPILL THE FEELS,2024-10-14,album,ep,"Eyes on you? ; LOVE, MONEY, FAME ; 1 TO 13 ; Candy ; Rain ; Water",,,No dependable title-track signal was found for this release detail row.,"Confirm the promoted track(s) from a dependable source, then add explicit title_tracks to release_detail_overrides.json."
SEVENTEEN,HAPPY BURSTDAY,2025-05-26,album,album,HBD ; THUNDER ; Bad Influence ; Skyfall (THE 8 Solo) ; Fortunate Change (JOSHUA Solo) ; 99.9% (WONWOO Solo) ; Raindrops (SEUNGKWAN Solo) ; Damage (HOSHI Solo) ; Shake It Off (MINGYU Solo) ; Happy Virus (DK Solo) ; Destiny (WOOZI Solo) ; Shining Star (Vernon Solo) ; Gemini (JUN Solo) ; Trigger (DINO Solo) ; Coincidence (JEONGHAN Solo) ; Jungle (S.COUPS Solo),,,No dependable title-track signal was found for this release detail row.,"Confirm the promoted track(s) from a dependable source, then add explicit title_tracks to release_detail_overrides.json."
STAYC,TEENFRESH,2023-08-16,album,ep,Bubble ; Not Like You ; I Wanna Do ; Be Mine ; Bubble (English ver.) ; Bubble (sped up) (English ver.),,,No dependable title-track signal was found for this release detail row.,"Confirm the promoted track(s) from a dependable source, then add explicit title_tracks to release_detail_overrides.json."
STAYC,Metamorphic,2024-07-01,album,album,Twenty ; Cheeky Icy Thang ; 1 Thing ; Give It 2 Me ; Find ; Let Me Know ; Nada ; Fakin’ ; Roses ; Beauty Bomb ; Gummy Bear ; Stay WITH me ; Flexing On My Ex ; Trouble Maker,,,No dependable title-track signal was found for this release detail row.,"Confirm the promoted track(s) from a dependable source, then add explicit title_tracks to release_detail_overrides.json."
STAYC,…l,2024-10-30,song,single,GPT ; Meant to Be ; GPT (instrumental) ; GPT (acapella),,,No dependable title-track signal was found for this release detail row.,"Confirm the promoted track(s) from a dependable source, then add explicit title_tracks to release_detail_overrides.json."
STAYC,S,2025-03-18,song,single,BEBE ; DIAMOND ; PIPE DOWN,,,No dependable title-track signal was found for this release detail row.,"Confirm the promoted track(s) from a dependable source, then add explicit title_tracks to release_detail_overrides.json."
STAYC,STAY ALIVE,2026-02-11,album,album,"MWUAH ; I WANT IT (Japanese ver.) ; BEBE (Japanese ver.) ; POPPY (Japanese ver.) ; Teddy Bear (Japanese ver.) ; ASAP (Japanese ver.) ; LIT ; STEREOTYPE (Japanese ver.) ; Tell Me Now ; Satellite ; Lover, Killer ; Say My Name ; MEOW ; GPT (Japanese ver.) ; Bubble (Japanese ver.) ; Cheeky Icy Thang (Japanese ver.) ; Stay WITH me (Japanese ver.)",,,No dependable title-track signal was found for this release detail row.,"Confirm the promoted track(s) from a dependable source, then add explicit title_tracks to release_detail_overrides.json."
Stray Kids,★★★★★,2023-06-02,album,album,위인전 (Hall of Fame) ; 특 (S-Class) ; ITEM ; Super Bowl ; TOPLINE ; DLC ; 죽어보자 (GET LIT) ; 충돌 (Collision) ; FNF ; Youtiful ; THE SOUND (Korean Ver.) ; Mixtape: Time Out,,,No dependable title-track signal was found for this release detail row.,"Confirm the promoted track(s) from a dependable source, then add explicit title_tracks to release_detail_overrides.json."
Stray Kids,ATE,2024-07-19,album,ep,MOUNTAINS ; Chk Chk Boom ; JJAM ; I Like It ; Runners ; 또 다시 밤 ; Stray Kids ; Chk Chk Boom (Festival ver.),,,No dependable title-track signal was found for this release detail row.,"Confirm the promoted track(s) from a dependable source, then add explicit title_tracks to release_detail_overrides.json."
Stray Kids,合 (HOP),2024-12-13,album,ep,"Walkin on Water ; Bounce Back ; U ; Walkin on Water (HIP ver.) ; Railway ; Unfair ; HALLUCINATION ; Youth ; So Good ; ULTRA ; Hold my hand ; 그렇게, 천천히, 우리 (As We Are)",,,No dependable title-track signal was found for this release detail row.,"Confirm the promoted track(s) from a dependable source, then add explicit title_tracks to release_detail_overrides.json."
Stray Kids,Mixtape : dominATE,2025-03-21,album,ep,GIANT (Korean ver.) ; Burnin’ Tires ; Truman ; ESCAPE ; CINEMA,,,No dependable title-track signal was found for this release detail row.,"Confirm the promoted track(s) from a dependable source, then add explicit title_tracks to release_detail_overrides.json."
Stray Kids,KARMA,2025-08-22,album,album,BLEEP ; CEREMONY ; CREED ; MESS ; In My Head ; Half Time ; Phoenix ; GHOST ; 0801 ; CEREMONY (Festival version) ; CEREMONY (English version),,,No dependable title-track signal was found for this release detail row.,"Confirm the promoted track(s) from a dependable source, then add explicit title_tracks to release_detail_overrides.json."
TEMPEST,THE CALM BEFORE THE STORM,2023-04-17,album,ep,EYE OF THE STORM ; Dangerous ; Freak Show ; I’ll Be There,,,No dependable title-track signal was found for this release detail row.,"Confirm the promoted track(s) from a dependable source, then add explicit title_tracks to release_detail_overrides.json."
TEMPEST,폭풍 속으로,2023-09-20,song,single,Vroom Vroom ; DIVE ; Bluetooth,,,No dependable title-track signal was found for this release detail row.,"Confirm the promoted track(s) from a dependable source, then add explicit title_tracks to release_detail_overrides.json."
TEMPEST,TEMPEST Voyage,2024-03-11,album,ep,LIGHTHOUSE ; There ; B.O.K ; Slow Motion,,,No dependable title-track signal was found for this release detail row.,"Confirm the promoted track(s) from a dependable source, then add explicit title_tracks to release_detail_overrides.json."
TEMPEST,RE: Full of Youth,2025-03-31,album,ep,WE ARE THE YOUNG ; Unfreeze ; Destiny ; ONLY U CAN ; COME BACK HOME,,,No dependable title-track signal was found for this release detail row.,"Confirm the promoted track(s) from a dependable source, then add explicit title_tracks to release_detail_overrides.json."
THE BOYZ,[PHANTASY] Pt.1 Christmas In August,2023-08-07,album,ep,LIP GLOSS ; Passion Fruit ; Lighthouse ; Fantasize ; Fire Eyes ; Fairy Tale,,,No dependable title-track signal was found for this release detail row.,"Confirm the promoted track(s) from a dependable source, then add explicit title_tracks to release_detail_overrides.json."
THE BOYZ,[PHANTASY] Pt.2 Sixth Sense,2023-11-20,album,ep,WATCH IT ; 덫 (Rat in the Trap) ; Honey ; Bad Luck ; CRYING&LAUGHTER ; Escape,,,No dependable title-track signal was found for this release detail row.,"Confirm the promoted track(s) from a dependable source, then add explicit title_tracks to release_detail_overrides.json."
THE BOYZ,導火線 (TRIGGER),2024-10-28,album,ep,Bite Back ; TRIGGER (導火線) ; bAd ; 숨바꼭질 (Slip Away) ; Re‐Wind ; They See Me Dream,,,No dependable title-track signal was found for this release detail row.,"Confirm the promoted track(s) from a dependable source, then add explicit title_tracks to release_detail_overrides.json."
THE BOYZ,Unexpected,2025-03-17,album,album,Feel The Bass ; VVV ; Starry Night ; Ain’t Salty ; Rose ; Rock and Roll ; Nothing ; Miss Demeanor ; Cross Over,,,No dependable title-track signal was found for this release detail row.,"Confirm the promoted track(s) from a dependable source, then add explicit title_tracks to release_detail_overrides.json."
THE BOYZ,a;effect,2025-07-28,album,ep,"Stylish ; Talk ; You and I ; 함께라서 눈부셨던, 서툴지만 아름다운 (Constellation) ; AURA",,,No dependable title-track signal was found for this release detail row.,"Confirm the promoted track(s) from a dependable source, then add explicit title_tracks to release_detail_overrides.json."
The KingDom,History Of Kingdom: Pt. Ⅵ. Mujin,2023-03-23,album,album,Intro: Stigma ; Dystopia ; Song of the Wind ; Elements ; My Wave ; Love is Pain ; Dystopia (instrumental),,,No dependable title-track signal was found for this release detail row.,"Confirm the promoted track(s) from a dependable source, then add explicit title_tracks to release_detail_overrides.json."
The KingDom,History Of Kingdom: Pt. VII. JAHAN,2023-10-18,album,ep,INTRO: APOCALYPSE ; COUP D’ETAT ; LOVE SONG ; X‐GAME ; ON MY WAY ; SANDCASTLE ; COUP D’ETAT (inst.),,,No dependable title-track signal was found for this release detail row.,"Confirm the promoted track(s) from a dependable source, then add explicit title_tracks to release_detail_overrides.json."
The KingDom,REALIZE,2024-04-30,album,ep,Flip that Coin ; ENERGY ; RusHush ; GUNDAM ; BEST THING ; Together,,,No dependable title-track signal was found for this release detail row.,"Confirm the promoted track(s) from a dependable source, then add explicit title_tracks to release_detail_overrides.json."
The KingDom,the flower of the moon,2025-09-23,album,ep,Last Flower ; Festival ; Forget ; Last Flower (Instrumental),,,No dependable title-track signal was found for this release detail row.,"Confirm the promoted track(s) from a dependable source, then add explicit title_tracks to release_detail_overrides.json."
TIOT,Frame the Blueprint : Prelude to Possibilities,2023-08-23,album,ep,This is our time ; Unbeatable ; BUNGEE ; Surfing ; Starlight,,,No dependable title-track signal was found for this release detail row.,"Confirm the promoted track(s) from a dependable source, then add explicit title_tracks to release_detail_overrides.json."
TIOT,Kick‐START,2024-04-22,album,ep,Goosebumps ; ROCK THANG ; 가나요 (Moonrise) ; Paradise ; 아기상어,,,No dependable title-track signal was found for this release detail row.,"Confirm the promoted track(s) from a dependable source, then add explicit title_tracks to release_detail_overrides.json."
TNX,BOYHOOD,2023-06-07,album,ep,Kick It 4 Now ; By You ; Good Day ; My Bias ; 1000 Miles ; Kick It 4 Now (English ver.),,,No dependable title-track signal was found for this release detail row.,"Confirm the promoted track(s) from a dependable source, then add explicit title_tracks to release_detail_overrides.json."
TOMORROW X TOGETHER,SWEET,2023-07-05,album,album,Intro : FLOATING ; Hydrangea Love ; Sugar Rush Ride (Japanese Version) ; 0X1=LOVESONG (I Know I Love You) [Japanese Version] ; Ito ; Ring ; Magic ; Good Boy Gone Bad (Japanese Version) ; Hitori no Yoru ; MOA Diary (Dubaddu Wari Wari) [Japanese Version] ; Ring (Unplugged Version) ; Outro : FALLING,,,No dependable title-track signal was found for this release detail row.,"Confirm the promoted track(s) from a dependable source, then add explicit title_tracks to release_detail_overrides.json."
TOMORROW X TOGETHER,minisode 3: TOMORROW,2024-04-01,album,ep,I’ll See You There Tomorrow ; - --- -- --- .-. .-. --- .-- ; Deja Vu ; Miracle ; The Killa (I Belong to You) ; Quarter Life ; Deja Vu (Anemoia remix),,,No dependable title-track signal was found for this release detail row.,"Confirm the promoted track(s) from a dependable source, then add explicit title_tracks to release_detail_overrides.json."
TOMORROW X TOGETHER,誓い (CHIKAI),2024-07-02,song,single,ひとつの誓い (We’ll Never Change) ; Deja Vu - Japanese Ver. ; きっとずっと (Kitto Zutto),,,No dependable title-track signal was found for this release detail row.,"Confirm the promoted track(s) from a dependable source, then add explicit title_tracks to release_detail_overrides.json."
TOMORROW X TOGETHER,The Star Chapter: SANCTUARY,2024-11-04,album,ep,Heaven ; Over the Moon ; Danger ; Resist (Not Gonna Run Away) ; Forty One Winks ; Higher Than Heaven,,,No dependable title-track signal was found for this release detail row.,"Confirm the promoted track(s) from a dependable source, then add explicit title_tracks to release_detail_overrides.json."
TOMORROW X TOGETHER,The Star Chapter: SANCTUARY (Expanded Edition),2024-11-08,album,ep,Heaven ; Over The Moon ; Danger ; Resist (Not Gonna Run Away) ; Forty One Winks ; Higher Than Heaven ; Over The Moon (English ver.) ; Over The Moon (Deep House Remix) ; Over The Moon (R&B Remix) ; Over The Moon (Rock Remix),,,No dependable title-track signal was found for this release detail row.,"Confirm the promoted track(s) from a dependable source, then add explicit title_tracks to release_detail_overrides.json."
TOMORROW X TOGETHER,The Star Chapter: TOGETHER,2025-07-21,album,album,Upside Down Kiss ; Beautiful Strangers ; Ghost Girl ; Sunday Driver ; Dance With You ; Take My Half ; Bird of Night ; Song of the Stars,,,No dependable title-track signal was found for this release detail row.,"Confirm the promoted track(s) from a dependable source, then add explicit title_tracks to release_detail_overrides.json."
TREASURE,LOVE PULSE,2025-09-01,album,ep,EVERYTHING ; PARADISE ; NOW FOREVER ; BETTER THAN ME,,,No dependable title-track signal was found for this release detail row.,"Confirm the promoted track(s) from a dependable source, then add explicit title_tracks to release_detail_overrides.json."
TRENDZ,BLUE SET Chapter. [NEW DAYZ],2023-03-15,song,single,Nightmare ; NEW DAYZ ; Fantasy,,,No dependable title-track signal was found for this release detail row.,"Confirm the promoted track(s) from a dependable source, then add explicit title_tracks to release_detail_overrides.json."
TRENDZ,DREAMLIKE,2024-06-12,album,ep,Glow ; Out of Control ; Learn to Love - English Version ; Go Up - Live Band Version,,,No dependable title-track signal was found for this release detail row.,"Confirm the promoted track(s) from a dependable source, then add explicit title_tracks to release_detail_overrides.json."
tripleS,+(KR)ystal Eyes <AESTHETIC>,2023-05-04,album,ep,Cherry 100% ; Cherry Talk ; Touch ; Hide & Seek ; Deja‐Vu ; Dimension (KRE ver.),,,No dependable title-track signal was found for this release detail row.,"Confirm the promoted track(s) from a dependable source, then add explicit title_tracks to release_detail_overrides.json."
tripleS,LOVElution <ↀ>,2023-08-17,album,ep,&#8576; ; Girls’ Capitalism ; Complexity ; Black Soul Dress ; Seoul Sonyo Sound ; Cry Baby ; Speed Love ; Number 8,,,No dependable title-track signal was found for this release detail row.,"Confirm the promoted track(s) from a dependable source, then add explicit title_tracks to release_detail_overrides.json."
tripleS,EVOLution <⟡>,2023-10-11,album,ep,&#10209; ; Invincible ; Rhodanthe ; Heavy Metal Wings ; 37.5 Celsius ; Moto Princess ; Oui ; Enhanced Flower,,,No dependable title-track signal was found for this release detail row.,"Confirm the promoted track(s) from a dependable source, then add explicit title_tracks to release_detail_overrides.json."
tripleS,Aria <Structure of Sadness>,2024-01-15,song,single,Door ; 첫 이별 (Farewell My First),,,No dependable title-track signal was found for this release detail row.,"Confirm the promoted track(s) from a dependable source, then add explicit title_tracks to release_detail_overrides.json."
tripleS,<ASSEMBLE24>,2024-05-08,album,album,S ; Girls Never Die ; 가시권 ; Midnight Flower ; White Soul Sneakers ; 치유 ; 24 ; 이면의 이면 ; Non Scale ; Dimension,,,No dependable title-track signal was found for this release detail row.,"Confirm the promoted track(s) from a dependable source, then add explicit title_tracks to release_detail_overrides.json."
tripleS,<###>,2024-07-20,song,single,###,,,No dependable title-track signal was found for this release detail row.,"Confirm the promoted track(s) from a dependable source, then add explicit title_tracks to release_detail_overrides.json."
tripleS,Visionary Vision <Performante>,2024-10-23,album,album,Visual Virtue ; Hit the Floor ; Choom ; Éclair ; Love Soseol ; Atmosphere (VV ver.) ; 12 Rings ; Vision ; Bionic Power ; Visionary Vision,,,No dependable title-track signal was found for this release detail row.,"Confirm the promoted track(s) from a dependable source, then add explicit title_tracks to release_detail_overrides.json."
tripleS,<ASSEMBLE25>,2025-05-12,album,album,@% (Alpha Percent) ; 깨어 (Are You Alive) ; 추리소설 (Detective Soseol) ; 어제 우리 불꽃놀이 (Firework Diary) ; Love Child ; Persona ; Too Hot ; Diablo ; Friend Zone ; Love2Love,,,No dependable title-track signal was found for this release detail row.,"Confirm the promoted track(s) from a dependable source, then add explicit title_tracks to release_detail_overrides.json."
tripleS,tripleS ∞! < SecretHimitsuBimil >,2025-10-01,album,album,Password ; ヘッドフォン ; トキメティック ; TOKYO ; Oshare ; アンタイトル ; ### (∞! Ver.),,,No dependable title-track signal was found for this release detail row.,"Confirm the promoted track(s) from a dependable source, then add explicit title_tracks to release_detail_overrides.json."
tripleS,msnz <Beyond Beauty>,2025-11-24,album,ep,Magic Shine New Zone ; Fly Up ; Cameo Love ; Bubble Gum Girl ; Q&A ; Christmas Alone,,,No dependable title-track signal was found for this release detail row.,"Confirm the promoted track(s) from a dependable source, then add explicit title_tracks to release_detail_overrides.json."
TWICE,Track by Track: TWICE,2024-07-18,album,ep,Keeper (intro) ; Strategy w/MTS (intro) ; Magical (intro) ; Outro ; Like It Like It (intro) ; Sweetest Obsession (intro) ; Kiss My Troubles Away (intro) ; Strategy (intro) ; Intro,,,No dependable title-track signal was found for this release detail row.,"Confirm the promoted track(s) from a dependable source, then add explicit title_tracks to release_detail_overrides.json."
TWICE,TEN: The Story Goes On,2025-10-10,album,album,ME+YOU ; MEEEEEE ; FIX A DRINK ; MOVE LIKE THAT ; DECAFFEINATED ; ATM ; STONE COLD ; CHESS ; IN MY ROOM ; DIVE IN,,,No dependable title-track signal was found for this release detail row.,"Confirm the promoted track(s) from a dependable source, then add explicit title_tracks to release_detail_overrides.json."
TWS,Last Bell,2024-11-25,song,single,"Highlight ; Last Festival ; Comma,",,,No dependable title-track signal was found for this release detail row.,"Confirm the promoted track(s) from a dependable source, then add explicit title_tracks to release_detail_overrides.json."
TWS,TRY WITH US,2025-04-21,album,ep,Lucky to be loved ; Countdown! ; Random Play ; Freestyle ; Now Playing ; GO BACK,,,No dependable title-track signal was found for this release detail row.,"Confirm the promoted track(s) from a dependable source, then add explicit title_tracks to release_detail_overrides.json."
UNIS,WE UNIS,2024-03-27,album,ep,SUPERWOMAN ; Butterfly’s Dream ; Whatchu Need ; Dopamine ; 꿈의 소녀 (Dream of girls),,,No dependable title-track signal was found for this release detail row.,"Confirm the promoted track(s) from a dependable source, then add explicit title_tracks to release_detail_overrides.json."
UNIS,CURIOUS,2024-08-06,song,single,너만 몰라 ; Datin’ Myself ; Poppin’,,,No dependable title-track signal was found for this release detail row.,"Confirm the promoted track(s) from a dependable source, then add explicit title_tracks to release_detail_overrides.json."
VERIVERY,Liminality - EP.DREAM,2023-05-16,album,ep,Crazy Like That ; JUICY JUICY ; Raincoat ; Smile With You(),,,No dependable title-track signal was found for this release detail row.,"Confirm the promoted track(s) from a dependable source, then add explicit title_tracks to release_detail_overrides.json."
VIVIZ,VERSUS,2023-11-02,album,ep,MANIAC ; Untie ; Overflow ; 한 걸음 (Day by day) ; Up 2 Me,,,No dependable title-track signal was found for this release detail row.,"Confirm the promoted track(s) from a dependable source, then add explicit title_tracks to release_detail_overrides.json."
VIVIZ,VOYAGE,2024-11-07,album,ep,Shhh! ; Cliché ; Full Moon ; Hypnotize ; Love & Tears,,,No dependable title-track signal was found for this release detail row.,"Confirm the promoted track(s) from a dependable source, then add explicit title_tracks to release_detail_overrides.json."
VIVIZ,A Montage of ( ),2025-07-08,album,album,La La Love Me ; Hands Off My Heart ; Citrus ; Sticker ; Toxic ; Hipnotic ; Love Language ; Milky Way ; Wildflower,,,No dependable title-track signal was found for this release detail row.,"Confirm the promoted track(s) from a dependable source, then add explicit title_tracks to release_detail_overrides.json."
Weeekly,ColoRise,2023-11-01,album,ep,ODYSSEY ; VROOM VROOM ; Backwards ; Sweet Dream ; A+ ; RUBY‐DUBY‐DU,,,No dependable title-track signal was found for this release detail row.,"Confirm the promoted track(s) from a dependable source, then add explicit title_tracks to release_detail_overrides.json."
Weeekly,Bliss,2024-07-09,album,ep,Twenties ; LIGHTS ON ; Dance Dance Dance! ; Classic ; Page (A Story That Reached Me),,,No dependable title-track signal was found for this release detail row.,"Confirm the promoted track(s) from a dependable source, then add explicit title_tracks to release_detail_overrides.json."
WEi,Love Pt. 3 : Eternally,2023-06-29,album,ep,OVERDRIVE ; Be Alright (chillin’) ; Thriller ; All Day With You ; End of The Day,,,No dependable title-track signal was found for this release detail row.,"Confirm the promoted track(s) from a dependable source, then add explicit title_tracks to release_detail_overrides.json."
WEi,WAVE,2024-02-14,album,ep,FAKE LOVE ; All Mine ; WITHOUT U,,,No dependable title-track signal was found for this release detail row.,"Confirm the promoted track(s) from a dependable source, then add explicit title_tracks to release_detail_overrides.json."
WEi,The Feelings,2025-01-15,album,ep,Not Enough ; 143 Ily ; Fake Love ; Top Shape ; Without U,,,No dependable title-track signal was found for this release detail row.,"Confirm the promoted track(s) from a dependable source, then add explicit title_tracks to release_detail_overrides.json."
WEi,Wonderland,2025-10-29,album,ep,HOME ; DOMINO ; One in A Million ; Gravity ; Everglow,,,No dependable title-track signal was found for this release detail row.,"Confirm the promoted track(s) from a dependable source, then add explicit title_tracks to release_detail_overrides.json."
WHIB,Cut‐Out,2023-11-08,song,single,BANG! ; DIZZY,,,No dependable title-track signal was found for this release detail row.,"Confirm the promoted track(s) from a dependable source, then add explicit title_tracks to release_detail_overrides.json."
Xdinary Heroes,Deadlock,2023-04-26,album,ep,Come into my head ; Freakin’ Bad ; Bicycle ; checkmate ; Good enough ; Man in the Box ; Dear H.,,,No dependable title-track signal was found for this release detail row.,"Confirm the promoted track(s) from a dependable source, then add explicit title_tracks to release_detail_overrides.json."
Xdinary Heroes,Livelock,2023-10-12,album,ep,Freddy ; Break the Brake ; PLUTO ; Enemy ; Bad Chemical ; Paranoid ; AGAIN? AGAIN!,,,No dependable title-track signal was found for this release detail row.,"Confirm the promoted track(s) from a dependable source, then add explicit title_tracks to release_detail_overrides.json."
Xdinary Heroes,Troubleshooting,2024-04-30,album,album,No Matter ; 어리고 부끄럽고 바보 같은 ; UNDEFINED ; Paint It ; Money On My Mind ; 꿈을 꾸는 소녀 ; until the end of time ; Walking to the Moon ; MONEYBALL ; 불꽃놀이의 밤,,,No dependable title-track signal was found for this release detail row.,"Confirm the promoted track(s) from a dependable source, then add explicit title_tracks to release_detail_overrides.json."
Xdinary Heroes,Open ♭eta v6.1,2024-06-03,song,single,Boy Comics ; XH_winds_75,,,No dependable title-track signal was found for this release detail row.,"Confirm the promoted track(s) from a dependable source, then add explicit title_tracks to release_detail_overrides.json."
Xdinary Heroes,Open ♭eta v6.2,2024-07-08,song,single,LOVE and FEAR ; XH_sand_75,,,No dependable title-track signal was found for this release detail row.,"Confirm the promoted track(s) from a dependable source, then add explicit title_tracks to release_detail_overrides.json."
Xdinary Heroes,Open ♭eta v6.3,2024-08-05,song,single,Save me ; XH_waves_75,,,No dependable title-track signal was found for this release detail row.,"Confirm the promoted track(s) from a dependable source, then add explicit title_tracks to release_detail_overrides.json."
Xdinary Heroes,Open ♭eta v6.4,2024-09-09,song,single,iNSTEAD! ; XH_stone_75,,,No dependable title-track signal was found for this release detail row.,"Confirm the promoted track(s) from a dependable source, then add explicit title_tracks to release_detail_overrides.json."
Xdinary Heroes,Beautiful Mind,2025-03-24,album,ep,FIGHT ME ; Beautiful Life ; more than i like ; Diamond ; Supernatural ; George the Lobster ; BBB (Bitter but Better),,,No dependable title-track signal was found for this release detail row.,"Confirm the promoted track(s) from a dependable source, then add explicit title_tracks to release_detail_overrides.json."
xikers,HOUSE OF TRICKY : How To Play,2023-08-02,album,ep,Skater ; HOMEBOY ; DO or DIE ; Koong ; Run ; Sunny Side,,,No dependable title-track signal was found for this release detail row.,"Confirm the promoted track(s) from a dependable source, then add explicit title_tracks to release_detail_overrides.json."
xikers,HOUSE OF TRICKY : SPUR,2025-04-04,album,ep,You Hide We Seek ; BREATHE ; HIGHWAY ; Roller Coaster ; Rock Your Body,,,No dependable title-track signal was found for this release detail row.,"Confirm the promoted track(s) from a dependable source, then add explicit title_tracks to release_detail_overrides.json."
XLOV,I ONE,2025-06-13,song,single,1&Only ; 1 of LOV ; BIZNESS ; 1&Only (instrumental) ; 1 of LOV (instrumental) ; BIZNESS (instrumental),,,No dependable title-track signal was found for this release detail row.,"Confirm the promoted track(s) from a dependable source, then add explicit title_tracks to release_detail_overrides.json."
YENA,HATE XX,2023-06-27,song,single,BAD HOBBY ; Hate Rodrigo ; WICKED LOVE,,,No dependable title-track signal was found for this release detail row.,"Confirm the promoted track(s) from a dependable source, then add explicit title_tracks to release_detail_overrides.json."
YENA,Blooming Wings,2025-07-29,album,ep,"Drama Queen ; 착하다는 말이 제일 싫어 ; 안녕 (Hello, Goodbye) ; 너만 아니면 돼 ; 364",,,No dependable title-track signal was found for this release detail row.,"Confirm the promoted track(s) from a dependable source, then add explicit title_tracks to release_detail_overrides.json."
YOUNG POSSE,Growing Pain pt.1 : FREE,2025-08-14,album,ep,"YSSR ; FREESTYLE ; ADHD ; School’s Out ; MON3Y 8ANK ; soju ; Same Shit, Another One",,,No dependable title-track signal was found for this release detail row.,"Confirm the promoted track(s) from a dependable source, then add explicit title_tracks to release_detail_overrides.json."
YOUNITE,"BIT, Pt. 1",2023-05-17,album,ep,ICY ; WATERFALL ; LOOK AT THE TV ; TRIP ; SLOGAN,,,No dependable title-track signal was found for this release detail row.,"Confirm the promoted track(s) from a dependable source, then add explicit title_tracks to release_detail_overrides.json."
YOUNITE,BIT Part.2,2023-10-17,album,ep,Chili Pop ; Love it ; F!zzy Soda Love ; Cupcake ; A star called you,,,No dependable title-track signal was found for this release detail row.,"Confirm the promoted track(s) from a dependable source, then add explicit title_tracks to release_detail_overrides.json."
YOUNITE,ANOTHER,2024-05-01,album,ep,How We Do ; GEEKIN ; Poco Loco ; ONE+WON ; OMH (Out My Head),,,No dependable title-track signal was found for this release detail row.,"Confirm the promoted track(s) from a dependable source, then add explicit title_tracks to release_detail_overrides.json."
YOUNITE,"로드 투 킹덤 : ACE OF ACE 〈NO LIMIT〉, Pt. 2",2024-10-31,album,ep,Armageddon ; Love Dive ; 월하미인 (LUNA) ; Armageddon (inst.) ; Love Dive (inst.) ; 월하미인 (LUNA) (inst.),,,No dependable title-track signal was found for this release detail row.,"Confirm the promoted track(s) from a dependable source, then add explicit title_tracks to release_detail_overrides.json."
YOUNITE,Y,2024-12-11,song,single,Perfume ; TASTE ; Episode,,,No dependable title-track signal was found for this release detail row.,"Confirm the promoted track(s) from a dependable source, then add explicit title_tracks to release_detail_overrides.json."
YOUNITE,YOUNI-T,2025-04-23,song,single,"AMIE SONG ; Rock Steady ; GASOLINE ; Who's Next? (HYUNGSEOK, DEY, KYUNGMUN) ; Twilight Rush (EUNHO, STEVE) ; Miracle Day (EUNSANG, WOONO, SION) ; GOOD TO GO",,,No dependable title-track signal was found for this release detail row.,"Confirm the promoted track(s) from a dependable source, then add explicit title_tracks to release_detail_overrides.json."
YUJU,In Bloom,2025-08-12,album,ep,Orion ; REPLY ; Sequence ; moonstruck love ; No Matter ; Sunset,,,No dependable title-track signal was found for this release detail row.,"Confirm the promoted track(s) from a dependable source, then add explicit title_tracks to release_detail_overrides.json."
ZEROBASEONE,YOUTH IN THE SHADE,2023-07-10,album,ep,Back to ZEROBASE ; In Bloom ; New Kidz on the Block ; And I ; Our Season ; Always,,,No dependable title-track signal was found for this release detail row.,"Confirm the promoted track(s) from a dependable source, then add explicit title_tracks to release_detail_overrides.json."
ZEROBASEONE,CINEMA PARADISE,2024-08-26,album,ep,GOOD SO BAD ; KILL THE ROMEO ; The Sea (ZB1 remake) ; Insomnia ; Road Movie ; Eternity ; YURA YURA (Korean ver.),,,No dependable title-track signal was found for this release detail row.,"Confirm the promoted track(s) from a dependable source, then add explicit title_tracks to release_detail_overrides.json."
