group,scheduled_date,date_status,headline,release_format,context_tags,source_type,source_url,source_domain,published_at,confidence,evidence_summary,tracking_status,search_term
P1Harmony,2026-03-12,confirmed,P1Harmony's Hero's Return: 9th Mini-Album Drops March 12 - 조선일보,ep,,news_rss,https://news.google.com/rss/articles/CBMijgFBVV95cUxOY1dvTzFyaVdpSEdaRVZDM1VmUlpqUk14S1VLVlFlZm5hODU5RDhFMjdCeXFoV2ZWeTZGb016cUJFZDFnQjF1S2FJeGdZb2FpOXZ4OXZaVUo0YTIwSmd1RlZMWmplU2JFcW4wZ0VQRHBiaGJiWlFIcDczNUQ4TEVyT0xrMk1ZM2NHdnVNVUxn?oc=5,news.google.com,"Wed, 25 Feb 2026 09:38:15 GMT",0.82,Future date reference: 2026-03-12. P1Harmony's Hero's Return: 9th Mini-Album Drops March 12 조선일보,recent_release,"""P1Harmony"" kpop comeback"
BTS,2026-03-20,confirmed,Arirang BTS drops highly anticipated comeback album March 20 after 3-year hiatus - artthreat.net,album,,news_rss,https://news.google.com/rss/articles/CBMitAFBVV95cUxOUGtWWC0xT3VxRmZWdmowU2Z4UzlpWlNoTFgzaHFtUldKcDZiVm00bWdJTWJjMnl1ZzUtTkY1UzNMeU1zSllkSVh2LTQzVlBDWExSUXpFSnZZbWFPMzA1bU1xdmY2aTVLNVVWV1B0R3JxTklxak8zR1BFbWtDU2xnaG1kOURJTXRKTmJETmR4YUhQODlydDA2S2ItRU9CSlFSWDlsQWVRQ3Q5eUZVSDZ5aDRHRW0?oc=5,news.google.com,"Wed, 04 Mar 2026 02:54:42 GMT",0.82,Future date reference: 2026-03-20. Arirang BTS drops highly anticipated comeback album March 20 after 3-year hiatus artthreat.net,filtered_out,"""BTS"" kpop comeback"
BTS,2026-03-21,scheduled,"Gwanghwamun Square hosts BTS comeback concert March 21, expecting 260k fans - artthreat.net",,,news_rss,https://news.google.com/rss/articles/CBMirAFBVV95cUxNbUJYMndMdVRDQTZGRGVzT3dUMlpiWFc1b2NrZUpIUVpZWkFia2xiU0xXN3pHdXRJbzRsRHRpc01pTGEzSlNOSXJhdGVqRWkwX1I0R05FRkpXNk0zUkh4WjZ6R251T3diRURZQ3BDOUViMk5TVFByUnZzRC1GS2RFbWJHRFdCRk94ZFFqanR4MXRmaGZVVWh6RGFGbFE4aGd2ZktQVEZOdjV5VVAx?oc=5,news.google.com,"Wed, 04 Mar 2026 02:56:59 GMT",0.64,"Future date reference: 2026-03-21. Gwanghwamun Square hosts BTS comeback concert March 21, expecting 260k fans artthreat.net",filtered_out,"""BTS"" kpop comeback"
PLAVE,2026-04-07,confirmed,PLAVE Sets April 7 Comeback After Million-Seller Run | Outlook Respawn - Outlook Respawn,,,news_rss,https://news.google.com/rss/articles/CBMitAFBVV95cUxPRXBEUU5pY3EtWkIyVGVoN3A1dVVyNGtuR2NxaTMtaFVZNmU4UXRQM3RqRWliMEk2SzAwbEllOEFSeHlTUVdIaXNtUzBfZ1plbVNId0NnbEdLX3l6dlJJOGY2aWRYc19lV1FkTEdkV25SM1ZZUlRlaWE4M19LcTVVMVlQVUFXQmQ5TkE0TzhnWnk5ZXVPc1BqY0FnLU5odGdEUXR1YkdjTHYzdVVwczVhaWVkUy3SAcIBQVVfeXFMT0htWFBPejdmaWNOcXRxS1o1VjlMWlVBYzlTTGlmMFRCR0ItSkdjY1U4QVNiSnlLSVprM0dmUE9YRE8xTnA1VXlfNDFhTTRTcGlUUWh2NS15a2VVSTdiYUpSeDZqS0ludXR1TlhKR3BhdHNFSUVpb1lmemgzTWUwcDExOEE0X01Ueml5TEVFeHNLSVhLZ3hHcEhwMjlfS2I2REFUbFduS3A4NHd0bDFrSTZlZkRfeXFIek9NM3l4Rm8tS2c?oc=5,news.google.com,"Mon, 02 Mar 2026 13:27:00 GMT",0.82,Future date reference: 2026-04-07. PLAVE Sets April 7 Comeback After Million-Seller Run | Outlook Respawn Outlook Respawn,recent_release,"""PLAVE"" kpop comeback"
TOMORROW X TOGETHER,2026-04-13,confirmed,[NOTICE] Comeback Showcase to Celebrate the Release of TOMORROW X TOGETHER “7TH YEAR: A Moment of Stillness in the Thorns”,,,weverse_notice,https://weverse.io/txt/notice/34002,weverse.io,,0.84,"Future date reference: 2026-04-13. Hello. This is BIGHIT MUSIC. We are excited to announce an online and in-person comeback showcase scheduled for Monday, April 13, 2026 to celebrate the release...",recent_release,official_weverse_seed
TOMORROW X TOGETHER,2026-04-13,scheduled,TOMORROW X TOGETHER mark comeback after contract renewal with April 13 showcase in Korea - CHOSUNBIZ - Chosunbiz,,,news_rss,https://news.google.com/rss/articles/CBMinAFBVV95cUxNSmltcVJ1REJzQTE5Rm9fV3JmSl9RRWdRdk1Yb2Jwc2UtYTNaOFhWbGRfS0dXTVk3LTUyRG5YWmVaVkNjWTNMMHIzaDVUX0ZBcW5OTGx0QWRJM2dKRGpQTTVrUnB6ZDdGLUpxZnljcFBPaW9nRE5qT1d2dnpmLTJhRi04LUNHM24tRktoSDVORzdfenF0VS1uSnU0T0bSAZwBQVVfeXFMTUppbXFSdURCc0ExOUZvX1dyZkpfUUVnUXZNWG9icHNlLWEzWjhYVmxkX0tHV01ZNy01MkRuWFplWlZDY1kzTDByM2g1VF9GQXFuTkxsdEFkSTNnSkRqUE01a1JwemQ3Ri1KcWZ5Y3BQT2lvZ0ROak9XdnZ6Zi0yYUYtOC1DRzNuLUZLaEg1Tkc3X3pxdFUtbkp1NE9G?oc=5,news.google.com,"Wed, 04 Mar 2026 03:29:00 GMT",0.64,Future date reference: 2026-04-13. TOMORROW X TOGETHER mark comeback after contract renewal with April 13 showcase in Korea - CHOSUNBIZ Chosunbiz,recent_release,"""TOMORROW X TOGETHER"" comeback"
&TEAM,,scheduled,&TEAM sets April comeback with Japanese mini album ‘We on Fire’ - allkpop,ep,japanese_release,news_rss,https://news.google.com/rss/articles/CBMiogFBVV95cUxNdzN5MmFQbjJLQVdlcktGS1V1MkZnLUxhVDBjQnNlbmtXSkxOZTJCMjVkNXptekllbE5mY2VSanJqZXV5SGJ1T3BPM1huZWlhbWhYeGFsOW55UlFSMDlCY29BYjNDZWxWUGV1RjdNb09MRFFHbWdRdkRKanBTS3lNVS05Xy0yZzVVOGRLZF9Dc1RhT2hVRUFfMFlTX0RELUYtcHc?oc=5,news.google.com,"Wed, 11 Feb 2026 22:03:20 GMT",0.76,Future month reference: 2026-04. &TEAM sets April comeback with Japanese mini album ‘We on Fire’ allkpop,recent_release,"""&TEAM"" kpop comeback"
AB6IX,,scheduled,AB6IX announces March comeback with their first full album in 5 years - allkpop,album,,news_rss,https://news.google.com/rss/articles/CBMirgFBVV95cUxNTTRFb2pHMTZWckFqWVRGMTVDTm51S2xhRGhZY3F6UXhzbXJaQUMzVTFMM094SGphU0I1VWd5VGVtbTZYeHVMRGx0QVRJU01xS2Y3ZUp4UmUtandjVk1LaUJGSWxWTnZVSExjRUY2eFJLeVZFSjZGNGdvVnpWZFNmVEw3MFZxMXh2cHNkeURSRWliMHNfMnlQTHk4bGhZNkx6ajdFYXBGejV5R2dHbkE?oc=5,news.google.com,"Sun, 08 Feb 2026 00:58:09 GMT",0.76,Future month reference: 2026-03. AB6IX announces March comeback with their first full album in 5 years allkpop,filtered_out,"""AB6IX"" kpop comeback"
ALL(H)OURS,,scheduled,ALL(H)OURS Sets March Comeback With 5th Mini-Album ‘NO DOUBT’ - hellokpop,ep,,news_rss,https://news.google.com/rss/articles/CBMikwFBVV95cUxOSE5EeC1kOFlYeXdfbjBKQkpEejdVY0xacGVqYjJmc3JLNFhIUVN1SEVhQWNXellSRnZxX2RGMGZ1N0ZPaXVuZm9XaVZhRk1tb2lQMndGUjJGQ3lxMGVkTTdHdnZVcWZKWlF5NTJjcXJaZjVRUkxVRWhLSlQ3NGFsSk5PSHNiNTZDMlctZ2RxTlV2WjQ?oc=5,news.google.com,"Tue, 24 Feb 2026 17:04:01 GMT",0.76,Future month reference: 2026-03. ALL(H)OURS Sets March Comeback With 5th Mini-Album ‘NO DOUBT’ hellokpop,recent_release,"""ALL(H)OURS"" kpop comeback"
BTS,,scheduled,"BTS announces March comeback date, putting an end to a nearly 4-year hiatus - ABC7 Los Angeles",,,news_rss,https://news.google.com/rss/articles/CBMilgFBVV95cUxNZWwzUUFJSGU4djVweVZDUmVXTGZwLWhBSlNXZWNoTEhOQjJkZFlXTkVuN2xCU2llMnJfTWl2OG1JMHJ1SjRXZUNDSXZKZHlPeGhnNHdGak0zbkJiWmI5T042aVkxbktOOG1qOWNoaWQwZXNJZVRTYl91Q3lQU1ZjUHkxUnRlbXp2QWdiQm5vQ0oyVGpWRUHSAZsBQVVfeXFMUFRkZ0Z1NUpkODVjVmFTWmx5ZFZkdEF2T1BSeXl0SzlpVDl0dkJ5OWh2VGhvWHlLd01ucU5kVWtaQk43VGtsMzB0OGJUOGQyejhNNnBvX0QyTUhDUEtheFZHaXV1ZldOTFVGMjdTeEZuMDYyTWZ0WktySENTdXZkUTVMems4Vl9IZFJTSzZPZjVJOGpJTzlWNnltUnM?oc=5,news.google.com,"Sun, 04 Jan 2026 08:00:00 GMT",0.76,"Future month reference: 2026-03. BTS announces March comeback date, putting an end to a nearly 4-year hiatus ABC7 Los Angeles",filtered_out,"""BTS"" kpop comeback"
KickFlip,,scheduled,KickFlip announces April comeback - Music Mundial,,,news_rss,https://news.google.com/rss/articles/CBMidEFVX3lxTE1vRVlPU0xVRUlFSlN6SU1oNWQ1VWQxYWNpYUpXaDl6MFVHZWtVSElyTVFIZGZKaU51OFZDRlVTX2R4VmdVZWVzbmVpeEtxb3BrYXkwV3VWb282SVd6dDdlakdaczlVcmtpbWFxWTdOY2NqRS1Z0gF6QVVfeXFMTU5XU1lfWnpuclpnWTlfZm9aVGxocmVnYXN1bzhNenRBUlF2VnJQMzBsZVk5M2RmbklQdnRvUzZneW9qclJ4c29qcTUtSDFPMlNwbk1qUERuVDUtOGpMMldaU25hdVo5MHR3ZnRYYmlSeGNOdnVlOFliUlE?oc=5,news.google.com,"Mon, 02 Mar 2026 18:54:14 GMT",0.76,Future month reference: 2026-04. KickFlip announces April comeback Music Mundial,recent_release,"""KickFlip"" kpop comeback"
KickFlip,,scheduled,KickFlip announces April comeback with their 4th mini-album - allkpop,ep,,news_rss,https://news.google.com/rss/articles/CBMioAFBVV95cUxPSHllVlA3LVVFQ1pKcGltd3UxLWhSVEpfUHNqall5X2pkZ0ozWlNzazlKS29BYzZUZHA0UFNVQnNNd0JORU9yRFFQelFzeU5jM05kV0k0TVBZZE1iQklwbGZvR2ZSajhTaDFBRDR0dk05aHFNcmNoUWs1MXFVWGRmYXRhQTlWeDU1TE5TRUxpaTJFZ3d1ZlNaRGhVWXh2Z3pR?oc=5,news.google.com,"Mon, 02 Mar 2026 18:13:00 GMT",0.76,Future month reference: 2026-04. KickFlip announces April comeback with their 4th mini-album allkpop,recent_release,"""KickFlip"" kpop comeback"
KickFlip,,scheduled,KickFlip wraps first nationwide fan-con tour and announces April comeback - allkpop,,,news_rss,https://news.google.com/rss/articles/CBMiswFBVV95cUxPd2t2VzJkdFQ0Mm5Ld0JzcWVlZHZvb0dHQ2RWSC1IVWI5bmR4bEJQQ2NuWjdGMUZKQnNnU0J1STBld0VOd0xmTnBXaHJyUzFLb0g4RUhEblhvR1M5eGZtdWhCUTBGN2FGMkNpUjk4dlJwZGZyZUM2cE95cHAta3JrektqM2stTWxGQXZxYWxfdGtTNm1OQWpDY3FDd0xOcENLVGl2Rzh1RjZKUE1HMkRwVG5aSQ?oc=5,news.google.com,"Mon, 02 Mar 2026 03:09:00 GMT",0.76,Future month reference: 2026-04. KickFlip wraps first nationwide fan-con tour and announces April comeback allkpop,recent_release,"""KickFlip"" kpop comeback"
P1Harmony,,scheduled,P1Harmony announces March comeback with new trailer release - Music Mundial,,,news_rss,https://news.google.com/rss/articles/CBMilwFBVV95cUxQQWZMVnhhR21vNkxDX2x5YlM0UVZqZFItbmY5SlhlbnR6Zkdsa2lFMzMzRERyOWZpZXNyWWVzWW1INzhFT1JILWtaMWhVOHJCYUdVLWQ3Z2U5QlluTE8zNUp2VmM1TTBDWFU4T1lKeVdIN2dVc0pCTVJ6bVR1T3lpdGhXUGtuTXlkQ0M1aUtxLTc2cU5xX2hN0gGcAUFVX3lxTFBHa3JwbFA4X0tpM3pqejNqcnhYV0hJNzZiTWg5MzFRZ2ZWTFhLZkQ2ZVRWRFYzd04waGNuODQwT0lLWGdCaGZuUVI3U25OSkUybXNWOWUxWmZ6NlEycFlzUDk2bmVlMUZqWmlaV0lZOGxSRFE1N3p2ZUpHeEtJNnlCM08xQUdfR0hITmczOWlzX1JCWU1DSlNxcDJTQg?oc=5,news.google.com,"Tue, 24 Feb 2026 19:32:57 GMT",0.76,Future month reference: 2026-03. P1Harmony announces March comeback with new trailer release Music Mundial,recent_release,"""P1Harmony"" kpop comeback"
YOUNG POSSE,,scheduled,YOUNG POSSE announces April comeback with new digital single - allkpop,single,,news_rss,https://news.google.com/rss/articles/CBMiogFBVV95cUxQSEJNTnpUWHJkWGRHUlhvWnFId3BYTEJ4ZHVkZWppbktscmtYLThzRzkzek45UmVrTGd5di0wSmRUN2VjZ0M2YU1MLU9EbU8xTzY0Q3AzUHRzbHFXcDN6V2tYYjlXWGMtT3hlQUxhMFlKVVE4aU9RbDl0NGZfNU54S1NOdXJUSG9MUW5oaEd2VlEtd3dBUm1pV3RqSjJNcmIxR0E?oc=5,news.google.com,"Thu, 05 Mar 2026 00:58:00 GMT",0.76,Future month reference: 2026-04. YOUNG POSSE announces April comeback with new digital single allkpop,recent_release,"""YOUNG POSSE"" kpop comeback"
AB6IX,,scheduled,AB6IX begins the countdown for their March comeback with the full album ‘SEVEN : CRIMSON HORIZON’ - allkpop,album,,news_rss,https://news.google.com/rss/articles/CBMizgFBVV95cUxPVmxkNlRtVUNEN2NvXzlKemx1eks1MmpKM1pYWHhXN0FOU0FzVUk4eEJBYkJ6bURfcVdhTktZcVZETVpsUWk5WVI5enBTbWhxdHYwMzdWLWp4aWQzaElURkxfSkZfSzNseERlcHU1eXA0Tm1IdzB4VUtCZVF1ZlRDNllGanktbXduODgzY3czb083djJrM2l2TzBoTjhfcVVteUxtTlFDS3BZMU40amVRaTRLOTY1Zy10eXljcVd1OURINmxNVHk3dE1GeWI2dw?oc=5,news.google.com,"Wed, 25 Feb 2026 05:56:48 GMT",0.58,Future month reference: 2026-03. AB6IX begins the countdown for their March comeback with the full album ‘SEVEN : CRIMSON HORIZON’ allkpop,filtered_out,"""AB6IX"" kpop comeback"
BTS,,scheduled,K-pop’s BTS announce a live comeback concert to air on Netflix in March - Orange County Register,,,news_rss,https://news.google.com/rss/articles/CBMirgFBVV95cUxPdXJleUM1SC1yWTRoNWRzRTFLZmtvZHlXOERVNkVRajNybF9XVm9CMy03aWhLS1FGZWdRbG11aDBjcHNjSlZ1clpjYTVNUW1LcWtvOVctNllnRGQ1eDhBYUlOU2dxaUFVOFhnZFBGYTRUTjVaUDEycmdHWWpKN2sxdFY2Qzh2VHNpSjNSYlVNRzFFc1EyWFFmM0tiemxSZGUxMHJYQUVWRUFaU3phOEE?oc=5,news.google.com,"Mon, 02 Feb 2026 08:00:00 GMT",0.58,Future month reference: 2026-03. K-pop’s BTS announce a live comeback concert to air on Netflix in March Orange County Register,filtered_out,"""BTS"" kpop comeback"
KISS OF LIFE,,scheduled,KISS OF LIFE Teases April Comeback with 'COMING SOON' Video - 조선일보,,pre_release,news_rss,https://news.google.com/rss/articles/CBMijgFBVV95cUxOejZONEFWdXZ0SzlCTTNJNWRHUExLdHVSZ3ltOGR4c2RnS3V5dmtyTUItaVJGajc1NWI0c3FxbE5rWnpkcmFCekhZUEZQaEVPSUxVMEtYajFyQ0M3ZXNrSVhabVZpZnBac09VNl80YzVfVjBGNU5tODZnU2VoTTh5UkJ0Z1BCWXRyU01CZDJR?oc=5,news.google.com,"Mon, 05 Jan 2026 08:00:00 GMT",0.58,Future month reference: 2026-04. KISS OF LIFE Teases April Comeback with 'COMING SOON' Video 조선일보,recent_release,"""KISS OF LIFE"" kpop comeback"
LE SSERAFIM,,scheduled,LE SSERAFIM and TWS Set for April Comebacks as K-Pop Return Rush Intensifies - DIPE.CO.KR,,,news_rss,https://news.google.com/rss/articles/CBMiREFVX3lxTE9aMUtzSDlQa2FxSG9TZjNlMF9fcU9PYmE3WE1lUmJFaWhzOW5aaDQ4VVpXZkJxYkNLcEJhSkZCNlZUWFE1?oc=5,news.google.com,"Fri, 06 Mar 2026 01:00:00 GMT",0.58,Future month reference: 2026-04. LE SSERAFIM and TWS Set for April Comebacks as K-Pop Return Rush Intensifies DIPE.CO.KR,recent_release,"""LE SSERAFIM"" kpop comeback"
P1Harmony,,scheduled,P1Harmony teases March comeback - The Korea Herald,,,news_rss,https://news.google.com/rss/articles/CBMiV0FVX3lxTE5BT013aGY0bldBWXdwZDdLS0RGWE9GMGlzRjNLOWdfMjFZV2NNZUNOVGt5Qjl6X1A0T0FWa1NCekY1S0pad0dGWlh3Ql8zdVpfM19YR0VwSQ?oc=5,news.google.com,"Wed, 25 Feb 2026 03:16:35 GMT",0.58,Future month reference: 2026-03. P1Harmony teases March comeback The Korea Herald,recent_release,"""P1Harmony"" kpop comeback"
P1Harmony,,scheduled,P1Harmony to return in March: report - The Korea Herald,,,news_rss,https://news.google.com/rss/articles/CBMiV0FVX3lxTE5pTGd6dWpWSkRPNjJDdDV4aVN4N2NVZzMtNEowWTU1WlU0Q0JsdU9KZC1JOU9yMmVWZ0R2VUFybnlBaHpqZk1wY205TXJtSFktZnQ3UFR2UQ?oc=5,news.google.com,"Tue, 20 Jan 2026 08:00:00 GMT",0.58,Future month reference: 2026-03. P1Harmony to return in March: report The Korea Herald,recent_release,"""P1Harmony"" kpop comeback"
TOMORROW X TOGETHER,,scheduled,TOMORROW X TOGETHER made their first comeback after renewing their contract..8th mini album released on April 13th - starnewskorea.com,ep,,news_rss,https://news.google.com/rss/articles/CBMieEFVX3lxTE11U0FzM2s2dXpCcHhqME5ZMVdCSlB2MjJKT21JS0p0dmhocmxhcXI4UlVDdGRBRXJQTmZiS1NLV2VCdlNYVFBhQzdoa0RvRVRYcnV1RWtEa2JZTVR4VERGdVRZSWRQaFlJSHZWUG10NHBDSW9oMXMtQg?oc=5,news.google.com,"Sun, 01 Mar 2026 22:39:13 GMT",0.58,Future month reference: 2026-04. TOMORROW X TOGETHER made their first comeback after renewing their contract..8th mini album released on April 13th starnewskorea.com,recent_release,"""TOMORROW X TOGETHER"" comeback"
TWS,,scheduled,LE SSERAFIM and TWS Set for April Comebacks as K-Pop Return Rush Intensifies - DIPE.CO.KR,,,news_rss,https://news.google.com/rss/articles/CBMiREFVX3lxTE9aMUtzSDlQa2FxSG9TZjNlMF9fcU9PYmE3WE1lUmJFaWhzOW5aaDQ4VVpXZkJxYkNLcEJhSkZCNlZUWFE1?oc=5,news.google.com,"Fri, 06 Mar 2026 01:00:00 GMT",0.58,Future month reference: 2026-04. LE SSERAFIM and TWS Set for April Comebacks as K-Pop Return Rush Intensifies DIPE.CO.KR,recent_release,"""TWS"" kpop comeback"
TWS,,scheduled,LE SSERAFIM and TWS join April comeback lineup - allkpop,,,news_rss,https://news.google.com/rss/articles/CBMijwFBVV95cUxPOW9KYnhjSUlXYTZXUDN5MXFtTGdwZklGc3lCd3NuTDJlOTVxd0FTTmhRVzNNejdBdjZDQVRySkJzSzFJT1BwakRaV1hsaF95SWpsczZHNnRicGNCM2ozOHJzOTZUamkwTW9SZExmSEFSYlFvX2g0QmNERW5KUnJNMWlRbE5vRWVXTTVPTW83Yw?oc=5,news.google.com,"Thu, 05 Mar 2026 19:13:00 GMT",0.58,Future month reference: 2026-04. LE SSERAFIM and TWS join April comeback lineup allkpop,recent_release,"""TWS"" kpop comeback"
TWS,,scheduled,TWS Set for a High-Energy Spring Comeback Confirmed for April - OtakuKart,,,news_rss,https://news.google.com/rss/articles/CBMijAFBVV95cUxQZzJ5VkxoOGhGVS1GUEVVV0dMUnR1RkJHQlBqR2tGOGpWNUh2SXEwUzJ0czNVVHdlb1h3SzBMZnhPNXJHSWdaNlk5ajlOYy1wYTZYNDE2UUJmX3NpXzlhc1BXR0Q4SWR0ZXZqb2xja0lFYzhmQ2FKSS05cWZ0ZEkzZmJzMlFJRmstYVhfcA?oc=5,news.google.com,"Fri, 06 Mar 2026 06:15:24 GMT",0.58,Future month reference: 2026-04. TWS Set for a High-Energy Spring Comeback Confirmed for April OtakuKart,recent_release,"""TWS"" kpop comeback"
BTS,,scheduled,BTS Is Dropping New Music in March — and Heading Out on Tour - au.rollingstone.com,,,news_rss,https://news.google.com/rss/articles/CBMiqwFBVV95cUxPV0EzOEZoMXRlQmlYcHMwZ1M0U2VFQUtldFNYYWpVLWsyQnY1aW5DWEVhVjlfQVlUajRhTGU0WUdBVXRKRXU5akhRVTFhbzd2RlZrODFHelk3dlhLbUZZeXFMTmt1RE95OG9EYTVYTHNEM2RZMTlWdVI1eGhXamk2cUxIUEp1dEtHX3AwRXdUVmtnbVM4THhEbmprSHV0QnpDc3Q0d2hka3hZNjQ?oc=5,news.google.com,"Fri, 02 Jan 2026 08:00:00 GMT",0.46,Future month reference: 2026-03. BTS Is Dropping New Music in March — and Heading Out on Tour au.rollingstone.com,filtered_out,"""BTS"" kpop comeback"
BABYMONSTER,,rumor,BABYMONSTER’s B-Side Track From Two Years Ago Makes a Reverse Chart Run… Reappears on ‘M Countdown’ → Live Clip Released,single,,agency_notice,https://www.ygfamily.com/en/news/report/7372,www.ygfamily.com,"Tue, 03 Feb 2026 00:00:00 GMT",0.7,BABYMONSTER’s B-Side Track From Two Years Ago Makes a Reverse Chart Run… Reappears on ‘M Countdown’ → Live Clip Released BABYMONSTER surprised music fans by rel...,recent_release,official_yg_report
BABYMONSTER,,rumor,BIGBANG Returns for 20th Anniversary… Global Tour with YG confirmed,,special_project,agency_notice,https://www.ygfamily.com/en/news/report/7385,www.ygfamily.com,"Wed, 04 Mar 2026 00:00:00 GMT",0.64,"BIGBANG Returns for 20th Anniversary… Global Tour with YG confirmed YG Entertainment has announced the return of one of its flagship IPs, BIGBANG, along with up...",recent_release,official_yg_report
BABYMONSTER,,rumor,YG to Launch First New Boy Group in 6 Years Since TREASURE… Rookie Girl Group Project Also in Full Swing,,special_project,agency_notice,https://www.ygfamily.com/en/news/report/7389,www.ygfamily.com,"Wed, 04 Mar 2026 00:00:00 GMT",0.64,YG to Launch First New Boy Group in 6 Years Since TREASURE… Rookie Girl Group Project Also in Full Swing YG has raised the expectations among global music fans...,recent_release,official_yg_report
BLACKPINK,,rumor,BLACKPINK’s New Title Track Is ‘GO’.. YG “Created with Great Care”,single,title_track,agency_notice,https://www.ygfamily.com/en/news/report/7378,www.ygfamily.com,"Fri, 06 Feb 2026 00:00:00 GMT",0.64,BLACKPINK’s New Title Track Is ‘GO’.. YG “Created with Great Care” BLACKPINK has unveiled the tracklist for their new release. According to YG Entertainment on...,recent_release,official_yg_report
TREASURE,,rumor,BIGBANG Returns for 20th Anniversary… Global Tour with YG confirmed,,special_project,agency_notice,https://www.ygfamily.com/en/news/report/7385,www.ygfamily.com,"Wed, 04 Mar 2026 00:00:00 GMT",0.64,"BIGBANG Returns for 20th Anniversary… Global Tour with YG confirmed YG Entertainment has announced the return of one of its flagship IPs, BIGBANG, along with up...",recent_release,official_yg_report
TREASURE,,rumor,YG to Launch First New Boy Group in 6 Years Since TREASURE… Rookie Girl Group Project Also in Full Swing,,special_project,agency_notice,https://www.ygfamily.com/en/news/report/7389,www.ygfamily.com,"Wed, 04 Mar 2026 00:00:00 GMT",0.64,YG to Launch First New Boy Group in 6 Years Since TREASURE… Rookie Girl Group Project Also in Full Swing YG has raised the expectations among global music fans...,recent_release,official_yg_report
ATEEZ,,rumor,ATEEZ’s ‘GOLDEN HOUR: Part 4’ Drops Feb. 6 - 조선일보,,,news_rss,https://news.google.com/rss/articles/CBMijgFBVV95cUxOZ1QwQUN0VU5HMU51RFhteEs0eXpiTTV3QzRsQXozM01IbGNRb3ZOdFkyTVUzRGxYdmlWVGtkZ2hyekhyYVJMb3ZadlpoQXpscWFwVG1STGlQeGdDZTc0elNEMzFCQk54MENBNnJ4Z0hsS2FjcnZCZjZFbTZoZkhkOGNtVGRwU0x1cVotN3F3?oc=5,news.google.com,"Mon, 12 Jan 2026 08:00:00 GMT",0.68,ATEEZ’s ‘GOLDEN HOUR: Part 4’ Drops Feb. 6 조선일보,recent_release,"""ATEEZ"" kpop comeback"
AtHeart,,rumor,Rookie group AtHeart drops bold new teaser photos for 'The New Black' - allkpop,,,news_rss,https://news.google.com/rss/articles/CBMiqwFBVV95cUxPTW5XcDBtTWd4YVhwaEVqTktleVBXYlRLZnBGM1RVQ2xVeXVlMkVmckpWQ1RKazl5ZXhBOWRQcXltVVlNcjdSY3hkMjJ4cGFKUGpEbDhVQ0hPcjdScFV2UTUzM1ZmeGFaSDRoWWhMOHBYOFVhX1RiS0hkVEJfeWVGODRQSTlTMjRoTGZMZXBWS09IZ1pFb2VCWVJHZTBSSHNlTnBNNUxuZ2E1VGc?oc=5,news.google.com,"Sat, 31 Jan 2026 08:00:00 GMT",0.68,Rookie group AtHeart drops bold new teaser photos for 'The New Black' allkpop,recent_release,"""AtHeart"" kpop comeback"
BLACKPINK,,rumor,"Blackpink's DEADLINE sells 1.46 million copies on day of release, sets new K-pop girl group record - The Korea Economic Daily Global Edition",,,news_rss,https://news.google.com/rss/articles/CBMiZ0FVX3lxTE94bmhvU2RuMVBXTGNpS1VMaExLUXN6c0lCekxVbm1KTy1McTNvTkUycE1KNUl1c0U3b2c5ajh3cE9WSEs0TGJwNlgyZU9LX3JHam55VVhGX3h2SDBoaUdtcGYwWmdGdHc?oc=5,news.google.com,"Sun, 01 Mar 2026 17:47:48 GMT",0.68,"Blackpink's DEADLINE sells 1.46 million copies on day of release, sets new K-pop girl group record The Korea Economic Daily Global Edition",recent_release,"""BLACKPINK"" kpop comeback"
BLACKPINK,,rumor,K-Pop girl group Blackpink drops their third mini album Deadline - Indulgexpress,ep,,news_rss,https://news.google.com/rss/articles/CBMivAFBVV95cUxQVG9PNFdjS19QUkVoYU95M21Rb2l5em5EQUVZSzZrcU9qa1hYMWRQSGRnc3dJZDFUYWtBcWstQVREcEw5c3BKc2M5WHJETHB0LUlFTGI3dmFKbXdBbWRtOEZRVTVzZ29UWTRaLVJ5RnhDc25IS2ZsRVNTTXVTWnEtZENIdTVDeUVmM0ZGTXlBSnNBek1aSEs0TFJ4UndGTjVYMDdZWVhmV2tPc092MDN5WnZWYlBiNkJ5M09nbNIBygFBVV95cUxOWlFldno4Y0RLNjhoRFkxN29BT2J3WHdBaFN6THNuYk1HbEZUdzAwSzA5T0U5V3QwVWg1WDZCQUs1S0ZVdDVnSXo3TGpCeTNsZm5tS1VsRDZoVlhyR3doOFNEcVVTVEJubVJTLXNIVG5RX21xN3BEc3preXJVREU0MUVlU2JMalh1Q0QxamJhZ0xIcHFKcTNDV3V4RHFKeV9qZ0dnS2IySkJNaXBVU3lvRDA0eXhYbS1BZFdEbVZBclJQcU9UeFRhUlBB?oc=5,news.google.com,"Sat, 28 Feb 2026 06:59:53 GMT",0.68,K-Pop girl group Blackpink drops their third mini album Deadline Indulgexpress,recent_release,"""BLACKPINK"" kpop comeback"
BLACKPINK,,rumor,Blackpink Sets Release Date for Comeback Album - Pitchfork,album,,news_rss,https://news.google.com/rss/articles/CBMiekFVX3lxTE9Ucm80bHB0cUYwcHNhZkJxaWM1MnA5SnJUVzk0ZkdyQmg3b0Q2SXFudk41aXVRN1RjLURta0tvemNPdl8yaE10cVdHbkc2d3dnM3VxSDhtNWhlSGZtM3RYNzJFVThxRzhqWlFjSzR4ekNGM04tLWdWWW9n?oc=5,news.google.com,"Wed, 14 Jan 2026 08:00:00 GMT",0.68,Blackpink Sets Release Date for Comeback Album Pitchfork,recent_release,"""BLACKPINK"" kpop comeback"
BLACKPINK,,rumor,BLACKPINK Finally Reveals 'DEADLINE' Mini Album Release Date - TMZ,ep,,news_rss,https://news.google.com/rss/articles/CBMicEFVX3lxTE4waE5xc2U4eWNJaFhldTl2aGZEdGRxYl9DTVRRYnQ2Sk5rRGMtX2JHVVhiWFV3VTZJdUc1b1VoWWdmM25vcXhDb0dKSlBlanpHSlh2NDlHQ1hEMEtCalpvdkFudzNKZDJ0Y1VnVlpwOTA?oc=5,news.google.com,"Wed, 14 Jan 2026 08:00:00 GMT",0.68,BLACKPINK Finally Reveals 'DEADLINE' Mini Album Release Date TMZ,recent_release,"""BLACKPINK"" kpop comeback"
BLACKPINK,,rumor,BLACKPINK announces comeback album ‘Deadline’ after three-year wait: Check release date and other details - The Economic Times,album,,news_rss,https://news.google.com/rss/articles/CBMigwJBVV95cUxPa1JTRXk2aFFRNkIzQmVRUnZmREZSTWhWa3M2aTFGZ3RhNG5QTEo1WlNwM0NMM0dvUmZTaUNIRElQU3RVQWlzcmU2TXhHWUdNNE5VS3FKYjBFX2xZUWMtX0lQdDhKcjUyTEVSeVBtRWlXMXlaZ1RNQWdIQXRWQ2VmTkZkLS1SS2pQUWJ5WGljWGh1aVo3cXdFWUx0aUNxOTJJNFROUVY0SVNwcTdaLW05Ri00M0V1LU43TDRfMzJOQXl0eEQxS2o5M1BiSkhWVzd3am5XY0lVazJkWDQtQmdwNjRHb08tLTNaVFJWdGVvU1lFNkhyUTMyMkRIbzAxa1J0d1Z30gGIAkFVX3lxTE14NENWbEdYcmJhR192ZkIxdkdfTU5USmprN2ZJaGp2Z2VuRi10TTNOcWNLOEdqd1dleU5JbDg1NWV5cXJYclZDMTJkZ3VNVFY0T2MyeFRKZ05UQTVSRjBBYjQ4QzBoeHhEaGlZb0JLazRvOGkzaGdpQVVxUTc4dzlESzlpY1JzLXdycVJjZWlMSmxpRkJQQW1CUl9kQ2d0cnU5N2V0TW9XRFo5VngxY0N3Z0xsLXFOV0NGdGRqRHdKUC0zamFMVnduRzhsamwtRTd4S004TXM1QV85Ym5vR2hmSDQzQUh3VUExTUNFeDVkYTNSWGZ2aU91c1BUTjFwcE9nUTNBQTVBdg?oc=5,news.google.com,"Thu, 15 Jan 2026 08:00:00 GMT",0.68,BLACKPINK announces comeback album ‘Deadline’ after three-year wait: Check release date and other details The Economic Times,recent_release,"""BLACKPINK"" kpop comeback"
BLACKPINK,,rumor,"K-pop group Blackpink announces new mini album Deadline, out Feb 27 - CNA Lifestyle",ep,,news_rss,https://news.google.com/rss/articles/CBMirgFBVV95cUxOUFhWaFpuYnA5UDVRQmR0bHhuS2NIS2pfa255aDEzNGlFMHUzQ0p4MVRRLVVGUm13czJyclV5d3Rhd2xCakNqSmNaaDRtdkZhSWxqbk1VbWc0RzdMX3FjZ1RQTEY5RTV1czR6a3pXQmR4RS0wVVZNSHo3QllWLTBidzlESGpVNGwybzZ1Ti1Wc2VuLXE5WWk1U1Y2QlBtY1JWWXp6cjF3VGZwblhfclE?oc=5,news.google.com,"Wed, 14 Jan 2026 08:00:00 GMT",0.68,"K-pop group Blackpink announces new mini album Deadline, out Feb 27 CNA Lifestyle",recent_release,"""BLACKPINK"" kpop comeback"
BLACKPINK,,rumor,The Wait Is Over: BLACKPINK Announces New Album After 3 Years - News18,album,,news_rss,https://news.google.com/rss/articles/CBMixwFBVV95cUxPQTdXanJKcEhycVE2Yzl1djdybGFDckxkczVqbk5XSVJPMGJEOHRCQ0NnRWZtQnp3WjJwQ2o0d0lWMWFreXE5LUpXQTEyRmhGVHlrZkRZUldJZTNYM09LYTQ1VFNWZGp1NXFXT0M3VTAwUlRaLXdndFhzQlplODZYRjVabzdOUnFIUjFZU0xTVWlEd241TEhWS1Uyc0pLVlJRaGxUTndLTVBRbHA1N0FVR214VXdxWS1Dcm1tU1pocTNhNmxhSWM40gHMAUFVX3lxTFBZU2RySUVXMWRULTI3TkxNSkZsVDJ2U21DWDhrbGlicUZIQkRpaWt0UGNSUXZfa0NDalpGNHJDZ1pQQmZWNXhYTDk0bnFDRVBSQ0UyQ0cyNW5iRmhGSEZNR3dxa1l5aGx4amFFdDMtdGtOSl9lMzNod3Q5di1wQzFaZ21YcDl2MUYtOGxfSFFZeWxLczQ0TTBRem1Dd2trNy1oTkh4dTlwdWRRRC12YXpYb2dtN190LWFRMG9mc29VMGF6RWpFbV9uZ2wtRA?oc=5,news.google.com,"Thu, 15 Jan 2026 08:00:00 GMT",0.68,The Wait Is Over: BLACKPINK Announces New Album After 3 Years News18,recent_release,"""BLACKPINK"" kpop comeback"
BTS,,rumor,"“Seven Together, We Can Do Anything”: Netflix Drops Trailer for BTS Comeback Concert Live Stream - The Hollywood Reporter",,,news_rss,https://news.google.com/rss/articles/CBMingFBVV95cUxPRU1ZYWVnMTRHY0xaWkFNVlNYVTJMX2dHamVFeDA2YXJBMHRtcVpJcjNYQ1JkZzd2Rll1LURmem1wcTlMdnBiUU1rT2EyWHRObTlJLWFyNTV1MWZGX2NfakdHLVpqVUxZQUkxODZMVkRIUHhsSjh4Q2RNU25WaEd6V3lpNGVOd1pQQ2tCOXJMRGJyYndyOXpYWmp0aGdvdw?oc=5,news.google.com,"Thu, 05 Mar 2026 00:41:27 GMT",0.68,"“Seven Together, We Can Do Anything”: Netflix Drops Trailer for BTS Comeback Concert Live Stream The Hollywood Reporter",filtered_out,"""BTS"" kpop comeback"
BTS,,rumor,BTS Drops Netflix Trailer For ‘The Comeback Live Arirang’ Livestream - weareresonate.com,,,news_rss,https://news.google.com/rss/articles/CBMiqAFBVV95cUxNLTVHQ2NrY1k3QkJNdXRUdzhEYjVOQ1gzNVAyeEtYa2dCRjNpbll5S21rcTdIQmJQbml2dkVyM0NVbHhtOVhfQ3VtTDhJdUhsSDR5RUtMQ0M1UFhIRzdqZHhLa3lrb0tGRnBQdXRHUFNDZm5Sc0F5TlRRVnpSNlFpUVVBemxKU2ZLUGZwX0g4Qk1qM1ltNTVHTDFWY2o0aW85T2VtNzd2VHg?oc=5,news.google.com,"Thu, 05 Mar 2026 10:29:26 GMT",0.68,BTS Drops Netflix Trailer For ‘The Comeback Live Arirang’ Livestream weareresonate.com,filtered_out,"""BTS"" kpop comeback"
BTS,,rumor,"BTS The Comeback Live: Netflix drops first official trailer, here’s when ARIRANG celebration will stream live in India - The Indian Express",,,news_rss,https://news.google.com/rss/articles/CBMi1AFBVV95cUxNRjhtN1FxZDNaVmFXbTg3cm9oVjZFX0t3dWNjb3NMZzk2eHBYNWJEci1MLWNIN2pqaVZNT0lJYVZGelFrVHJPNXp0OHNlcmdtbC1oWlJRTkJCRlpHSzhJRjNrbnFHNmh2Z3BleUlaTldfTVpGTUZWTUREMG5XaXZGLUw0X3NxVTB6NmhWQ1lDQW82eV9WNjE5aE1UY0VwNmFYQnR6ajVHQm9wN05JSExlYUtUZ3I1RkFjSTBXS3JsdnlQX3ZjbnJSRkxIWlUyNWU1dkgzTNIB2wFBVV95cUxPa2VoSDBVWUtvLU0yRDRoRkNvalpGUkRIUHhZbHA0Q0c5UlVQZ2hCV0lXdmgzbW9jaVNGdWdlNUpjTndEbWU5dkdsZ285TF9zdlhIbEVXYm5URElpcm0tY0JTZ0lYb2k3NXBfaXl4X21ZcDBDSUprN19KZVBjbGlfcVBfdjluTmFKSGNHUVNoeUJKZUlUS3Z2a09jTlgyTF9oQThxc19UTHk3cHZrb2FhVndHVE4xbkZ3Y2liV0JJZHlubUctWl9pbFFrRnRwdWRvU3RGbXhJc2hUTVE?oc=5,news.google.com,"Thu, 05 Mar 2026 05:27:36 GMT",0.68,"BTS The Comeback Live: Netflix drops first official trailer, here’s when ARIRANG celebration will stream live in India The Indian Express",filtered_out,"""BTS"" kpop comeback"
BTS,,rumor,BTS drops full ARIRANG tracklist comeback album features 14 songs including lead single SWIM - Moneycontrol.com,album,,news_rss,https://news.google.com/rss/articles/CBMi9wFBVV95cUxNNmQxX0NJNkpqdTlSM3RUME45Z1A2cVVobTFUMnlHQllPWGoxOU9PYzZzNWNrdlNDT0doWEhGbndnejdOOGFERC1CRnRBVG9aOG0tbWhONWZtNWJyaTh1SGNJQzFvNEN1Mk9ib0ZZTUdYYnVEb1g3V3JnbmZ5dndUNEFuVUhteHQxQ2llelpCSjdhX20zLVVUQmpzM3FyMks4R2JlR3BXeFltaVBxVFF0NHlWX191NUx6ZXJJNG1ZYVcxUVFwYnh3UWh1cjFvRldvcVdWMUtSakYzNG9IZ045R0dHRGtWaFdtSDMwbnRBWndUSkNFbDJj0gH8AUFVX3lxTFBDOTdlV2tvTU1pT0lZd1FhTXpJU21uU0pMdjMtV2hkckN3bUVkTWw5SjA4dE5HdGc2em1YZDJLME5KQXVwcUZXMWVtelRPdzZQeDJ5Wmp0c3Vib3gxelV4eHhHWWkwRnlrVWpKWWxoc09PVGVWbG05S09Bclg3WWdlOHhrZTlSWkNsT0thT0hVV1dUeFNZT0dYQklIYTVKVXNaOTBPSV9EY1hqcVRPOWY1VEY4c0tIMDVIekp3NHItaEg3Q05id0c1OHlwbUQxNzhnQWhNTWNaNHlQSlo4cHJ3SkMyVVFTWnJGdnFkWVZRdDh4MVVrTF9iUmVEQQ?oc=5,news.google.com,"Wed, 04 Mar 2026 05:08:33 GMT",0.68,BTS drops full ARIRANG tracklist comeback album features 14 songs including lead single SWIM Moneycontrol.com,filtered_out,"""BTS"" kpop comeback"
BTS,,rumor,"BTS Comeback 2026: Netflix Announces Global Livestream for ‘ARIRANG’ Album Celebration, Releases First Official Trailer - pragativadi.com",album,,news_rss,https://news.google.com/rss/articles/CBMi1wFBVV95cUxQVHZfVWUwOV9iX09xMDRQc0phUFVtNkVtMHpGY2xKQWNuT2ZXVTdrdW9mTENNamVyWUxkaTNTbDNRR2c0OENTeF96X2gyaEZLcU9GcTQ0SWR2bEhTWUZQcExnQkFEVG5DU2hUaDk2WEQtd09hNTR2QTMwSnlRWC11cjJsYVB4SGtBZVhZWWNOSHliV0M5WjdrQmUzbE5ub1ZGbkJNMFRKQ09hcThsX3RlSEtDNGdaYlBvQzZyNnktVEpkUERJWDZPS29HMFRaV0R4WEF2RlRpNA?oc=5,news.google.com,"Thu, 05 Mar 2026 11:30:04 GMT",0.68,"BTS Comeback 2026: Netflix Announces Global Livestream for ‘ARIRANG’ Album Celebration, Releases First Official Trailer pragativadi.com",filtered_out,"""BTS"" kpop comeback"
BTS,,rumor,"BTS drops ‘The Comeback Live | Arirang’ trailer: ‘Seven together, we can do anything’ - Telegraph India",,,news_rss,https://news.google.com/rss/articles/CBMiogFBVV95cUxNUXB3dTdCb2pPZ1pzQW03UFZQcjNrWWJaMk9xZnNxVThObHlyRUVkRHhnZHVnZ3g5bjZVRklIV0pfSXhydEJVUHNybzFpSXFDWWpyNHFzRDdGT0JnaGhGdnJOSEp5Qnk5UlY0aElTZFRBQjRTZzBSLTBKNlNXdGxUOXdZN3YyQk1oU00yeE5UNHBuVkh1bjlITG5MQWFEZUQ0RXfSAacBQVVfeXFMUFJObXlWUFRBUEVCVmk5STZaRjlGY0NuUHBGV3l4WlBhUGNUdmlkS1JfZHZ3S3F2UVM0TkRfRWxTTjZSZUJLQVNpTGRhblVJVWNzNDlDc2NqbkxFekRYX0NYMERmS01tZlhSTW41VVdzdmlwT1NVZlg5TUZQVllLQ29ka2duNXN0WFlkb0NUU1E5WE5rcWFkakRRWUUxSWRCQWxmSEVndUk?oc=5,news.google.com,"Thu, 05 Mar 2026 06:21:14 GMT",0.68,"BTS drops ‘The Comeback Live | Arirang’ trailer: ‘Seven together, we can do anything’ Telegraph India",filtered_out,"""BTS"" kpop comeback"
BTS,,rumor,BTS Announces The Title Of Their New Album: 'Arirang' — What Does Arirang Mean? BTS Album - L'OFFICIEL USA,album,,news_rss,https://news.google.com/rss/articles/CBMi4AFBVV95cUxNQm1fTFhxbG0tNlF4aDJzeGNSTnRWc2xEYTFPR3lHcWZDTV8xYnoxdkx2YXZFa1hNUzBWdGtpb1p4MmM3UTdlOUx0ZDk1aHdhVlU3bk5ldHg0Rmx1Y0VCRDZoSU5xdm9ZNG93ZmNNdENtYVBvMndUSU80bHVfakxmeDRYYl94VmhUaU5oTjlzNFY0QzdKV2NydkUtWkpPcjRrUC1Mbk9BVVo0SlZqc29lOGNXTUN6bTZBeU9yTWg2OElGMnRzeFJmckZmWjVqNXEwMjVlbjJOZEJmQl9kYTUtcg?oc=5,news.google.com,"Thu, 15 Jan 2026 08:00:00 GMT",0.68,BTS Announces The Title Of Their New Album: 'Arirang' — What Does Arirang Mean? BTS Album L'OFFICIEL USA,filtered_out,"""BTS"" kpop comeback"
H1-KEY,,rumor,H1-KEY Drops 'The World Isn’t Like a Movie' for 4th Anniversary - 조선일보,,special_project,news_rss,https://news.google.com/rss/articles/CBMijgFBVV95cUxPT2VRcmhfQ1czem5GdmZkRjN4dDdBVjJHejV1NmN0RnBZZUJkZVU3aUNQbUtUWWhYNk5sY1laWjNHbjJkMEdfeVFaMG1MWjRRalVmRFppQ0g1M2JyWEg2MnBLZWttTnVHNkxIRThqYTJhaTNjME91LWJFUzBLN0wxakZwYTJ6NVVoQXBvSkx3?oc=5,news.google.com,"Mon, 05 Jan 2026 08:00:00 GMT",0.68,H1-KEY Drops 'The World Isn’t Like a Movie' for 4th Anniversary 조선일보,recent_release,"""H1-KEY"" kpop comeback"
H1-KEY,,rumor,H1-KEY announces a comeback with their 5th mini album 'LOVE CHAPTER' - allkpop,ep,,news_rss,https://news.google.com/rss/articles/CBMiqgFBVV95cUxNXzdveG1oNkJmUXlwOUdGZGttWXdGNVBiVUJtcnB0MVJ1MmJPaHloLXVFQXc4S0pfU1NQRnVqZlF4ODY3OGFxbDNfQU9HbGVwZndGOWluRmtpTU9SMV9pME1BdnJJcWduNm9VbFVkTzBuWmdzelFmNV9CQnhORUt5U0dySmtSMV9Iak1Ebk1aemNDOW9qUzNKV1ppZXZ1eDVUZG1iWGFvdUNQQQ?oc=5,news.google.com,"Mon, 16 Feb 2026 07:01:55 GMT",0.68,H1-KEY announces a comeback with their 5th mini album 'LOVE CHAPTER' allkpop,recent_release,"""H1-KEY"" kpop comeback"
Hearts2Hearts,,rumor,Hearts2Hearts Announce Comeback Single “RUDE!”: Here’s When It Drops - inmusicblog.com,single,,news_rss,https://news.google.com/rss/articles/CBMigAFBVV95cUxNdWlPR1EyeThmM0hKQ1FKY2NqcW5PalVpOTV4eUdzdTFyYjBoWHZrQzJod0dxakN4YkxVT1ZzQTFUaHZ3SkNXWmUzcVR4TklENU4xdTh0UnA2TFJfcG1yaEJyejhRUkFNQnRoV0lzUWlaUlJIcjRsZnMwSmVKYlVPSQ?oc=5,news.google.com,"Thu, 12 Feb 2026 15:30:11 GMT",0.68,Hearts2Hearts Announce Comeback Single “RUDE!”: Here’s When It Drops inmusicblog.com,recent_release,"""Hearts2Hearts"" kpop comeback"
KiiiKiii,,rumor,"""Like Ive! Onto a Bigger Stage!"" Starship Rookie KiiiKiii Sets Out Their Comeback Ambitions [On-site LIVE] - 매일경제",,,news_rss,https://news.google.com/rss/articles/CBMiUEFVX3lxTE9UODlHM01ud0pEM2pqRXVZQVM5YWJnU0FIUGJFT0swbGJ0UWw1dzl0cU40cTFycUtQdWloVWpDY0VKVkRpbU1fc1RzS1hTeEhO?oc=5,news.google.com,"Mon, 26 Jan 2026 08:00:00 GMT",0.68,"""Like Ive! Onto a Bigger Stage!"" Starship Rookie KiiiKiii Sets Out Their Comeback Ambitions [On-site LIVE] 매일경제",recent_release,"""KiiiKiii"" kpop comeback"
KiiiKiii,,rumor,KiiiKiii drops whimsical teasers for their comeback with EP 'Delulu Pack' this month - allkpop,ep,,news_rss,https://news.google.com/rss/articles/CBMivwFBVV95cUxQUkw1ZGJvdkpURFFVQnZLU25TMWI2UWNsYXAwa3Z6YkdGTnh2QjlnVDFNaS1QbEdLUjJHWHExNEpSWmxSLXBHWE15NHk5WURjVGl4aXIydVlFNWE5RDJsLUpud21jYW1kV1FUR3FVekh5UVJpMC12R05tVnplcjJvZy1Zd0lGdFdYLTkzcXBXT1NGbGh4X2pnWm1CWUZfNlRlX2JfSGVweUcwV0FLakI0TGtMMUNYMkcxTFFlQTl0Zw?oc=5,news.google.com,"Mon, 05 Jan 2026 08:00:00 GMT",0.68,KiiiKiii drops whimsical teasers for their comeback with EP 'Delulu Pack' this month allkpop,recent_release,"""KiiiKiii"" kpop comeback"
POW,,rumor,Rookie Group POW Drops Debut Single 'COME TRUE' Today! - K-en News,single,,news_rss,https://news.google.com/rss/articles/CBMiakFVX3lxTFBXaHZpbGJjckUyLXlnczdSN2lfZXBlQWhoZ096enJ4U19ELTVuQmpnRDVNSTJ6YlNjVTE1dHZVWFlRSmhJbGNrQnpCVENuWkdOX1JNTDJMOS1kYUExbUpGNDQtWkxpcGUxT1HSAW5BVV95cUxOek9wUHFGWlRFV2pxNENEdWpXU3IyWXlJTzM5VE10Q3RUWW5kejB1YmdSanM3NEdVRDAybWdKQ0JZNndZaUdxN1ZYTGxXQXY0WkNMNWpkbWxKUmJHeU1FelhqTk0ybFhmMFU4cDJyUQ?oc=5,news.google.com,"Wed, 28 Jan 2026 08:00:00 GMT",0.68,Rookie Group POW Drops Debut Single 'COME TRUE' Today! K-en News,recent_release,"""POW"" kpop comeback"
TOMORROW X TOGETHER,,rumor,Tomorrow X Together Announces First Comeback Post-Contract Renewal - 조선일보,,,news_rss,https://news.google.com/rss/articles/CBMijgFBVV95cUxNWGFmZF91c1E3MVNJTTI4dDlxc1VfeDNHOWZGMUVXWHlMSl9VZVQ4QXN5NExtUTRRNXlqLTY0T3ZjUldKXzR2ZHRFVkRmaFZOUG9SSlJ5b1RwRVpUMkp6WHluc3Y1d01KcnkxaXdVVXhfM3Z6V0NQRV9uS040NHFZcGlLV2JkRG40dThtODNB?oc=5,news.google.com,"Wed, 04 Mar 2026 03:54:19 GMT",0.68,Tomorrow X Together Announces First Comeback Post-Contract Renewal 조선일보,recent_release,"""TOMORROW X TOGETHER"" comeback"
TOMORROW X TOGETHER,,rumor,TOMORROW X TOGETHER Announces Comeback Showcase for New Chapter with MOA - DIPE.CO.KR,,,news_rss,https://news.google.com/rss/articles/CBMiREFVX3lxTE5KUm5nQ2VtaTFneExxWHB5bDVXMjZfdVBNYk52UnlzV09QNzlmTmV3N3NoRmpJd2pzcl9OOHEycVB5cGhG?oc=5,news.google.com,"Thu, 05 Mar 2026 06:01:00 GMT",0.68,TOMORROW X TOGETHER Announces Comeback Showcase for New Chapter with MOA DIPE.CO.KR,recent_release,"""TOMORROW X TOGETHER"" comeback"
WHIB,,rumor,"WHIB reunites as seven-member group, drops mini album and title track ""ROCK THE NATION"" on 29th - CHOSUNBIZ - Chosunbiz",ep,title_track,news_rss,https://news.google.com/rss/articles/CBMiiAFBVV95cUxOOTQ0RHBPQ3ByQTlQX2dtMkNZUndDWEtBM1pQbDBLOHByeEtDRnRveEZVRGlGcFdGMlBWRG9JSV8tUzJOWUtDZm1VaWUyMGFYWEdYa05RdHVEa3dqdDVSbzU3eWV5bHdKamZxOGRkWTJRdnQ4ZEE2ZjkyVGZrcVo5TG5yeFg0ZDJP0gGcAUFVX3lxTE0xeThmN21CeUdDRHdYc0FicFBPWmVxTWhwZGpia2MtWWNIcWpCSlJZTzlEVkVDems2Q09qbGlfazFwd2hIbDZQdWlaRVgxQ2Z4ZlJDUW94Y2szSExURk5CWkMyUW9fX0l5WkctRXFMTWR2QmlmSG9Gdk5Lb3RLNW9mb0ZZS2dPSjIwTXdPbnJNTVlROG1JWURSdXlhZw?oc=5,news.google.com,"Sat, 17 Jan 2026 08:00:00 GMT",0.68,"WHIB reunites as seven-member group, drops mini album and title track ""ROCK THE NATION"" on 29th - CHOSUNBIZ Chosunbiz",filtered_out,"""WHIB"" kpop comeback"
WHIB,,rumor,WHIB announces comeback with first mini album ‘ROCK THE NATION’ - allkpop,ep,,news_rss,https://news.google.com/rss/articles/CBMiowFBVV95cUxPN1JUd1hRRVNCWjZGamFFNFN1Z2FXdlJmOTZMRzNqNVdPNm9zbTRscVl6aFg5RTJGYjRYUGRhZzRoZVExV0JiMGR5LXc3UUF0VXE4UWxjV1MxMmNqMGtuUkE5TFp5TmZJMFdyaHYwT0pwU0ludDZPMnJaeEZhMXhReEg3aFlma1VmQmVMTnplNzY0Zk1iYjdsS2NEYVN0SmNKX1JV?oc=5,news.google.com,"Tue, 13 Jan 2026 08:00:00 GMT",0.68,WHIB announces comeback with first mini album ‘ROCK THE NATION’ allkpop,filtered_out,"""WHIB"" kpop comeback"
YOUNG POSSE,,rumor,YOUNG POSSE Drops 'LOSE YOUR SHXT' Collaboration - 조선일보,,collab,news_rss,https://news.google.com/rss/articles/CBMijgFBVV95cUxPQ0Y4Uk9DdGQ0V3JDWG8tUmpHdGNFSkRySDRJbThqU1Z0RGJ0UThUX0gxV2JQWmN5SEp1Q0c1RkZwRGgtSEg1TkhROFA5VGtiSE0wTVQ4U2dVYWo4bk4zRHk1dGw1Y1V4cnBMaUFyQzkyRXRfTDJEUzRQN29lRjJLZ29ZVHMtd0hSd1kxeVB3?oc=5,news.google.com,"Fri, 09 Jan 2026 08:00:00 GMT",0.68,YOUNG POSSE Drops 'LOSE YOUR SHXT' Collaboration 조선일보,recent_release,"""YOUNG POSSE"" kpop comeback"
YOUNG POSSE,,rumor,Young Posse drops collaboration single with Chinese rapper Benzo - CHOSUNBIZ - Chosunbiz,single,collab,news_rss,https://news.google.com/rss/articles/CBMiiAFBVV95cUxPTjdZMlpRNDV4M1Y4OXhoSnhCX0p0NG5TNllLZnBzVzY3RGxFNlBjLUdkZjlCYjhzWEs3YnNhM0t0SGRUOFJyUFFaVVl3TENmV3J3WEM3ekE3QWVrNDk1TS1meXQ4WmZ4NW04dGtQNEFneU9tYmVhRlFvZXplaGRfNUFfVmgxekZs0gGcAUFVX3lxTE8zU2UtTjdDdGxRd2Nua0hiN1gtWEx5YXZFa1FWcHNTcVpkbkJsTkJDVzBwSHJKa2tkZ3FFUjFzNmxFYlV5VDNoMlFuVHJFY085ZWc2Y21MZWxFVF9yU0FGSkhsdkpuQWhmRkpQSURKNlFNYzd4LTlBOVJxYmFTVXZQcjZlRmhUaXJ6QVlQRTExR0FFMm5maERLSFhESQ?oc=5,news.google.com,"Fri, 09 Jan 2026 08:00:00 GMT",0.68,Young Posse drops collaboration single with Chinese rapper Benzo - CHOSUNBIZ Chosunbiz,recent_release,"""YOUNG POSSE"" kpop comeback"
ZEROBASEONE,,rumor,ZEROBASEONE Drops Track Poster for ‘Running To Future’ Ahead of Comeback - K-en News,single,,news_rss,https://news.google.com/rss/articles/CBMiakFVX3lxTE9BeUhpZUhiSnN5QkdyX0s2WG83X0htbHdlNkl3UXdYcmlDbHA2eUNOQjhoeUFHWDN0R2E3YUhjejRtdkk2NUFjVHUzYnhwWm5mOHRob3RKZGZCMnVSZXVkdlk3T2pvVmQ4QWfSAW5BVV95cUxOMmFwRWhrTkE3QS1ORkR2X01fVHdTU0I1dU1fMmxMTlpiRFFENnVOMnBSRHJjdEQ2dDAxV2pKY3dSb2NHdF9jSEN6ZW51SW8wV1hEU191WXBIZ1BwdXZEQWg4S0lpai1aNV9Gbi1RZw?oc=5,news.google.com,"Tue, 06 Jan 2026 08:00:00 GMT",0.68,ZEROBASEONE Drops Track Poster for ‘Running To Future’ Ahead of Comeback K-en News,recent_release,"""ZEROBASEONE"" kpop comeback"
BABYMONSTER,,rumor,YG Entertainment confirms BABYMONSTER World Tour & BIGBANG's Global - bandwagon.asia,,,news_rss,https://news.google.com/rss/articles/CBMi2gFBVV95cUxOZWI5YWpSUmd6bk1rYS1VM1o3bXU4aFNhaTRfLUhvYjBKSUN5S1ZSc0NPalNBZVlMaDI0UE9EVVktaWlPZ0RHWEd1SFN4MVcwM1IzaEY2VkpxcUViUDZEQVFaV3BSbmFHbXhmejZFTXpLQ2hMV3BzS1Foc0ZoNHdJZ0xkaGJnZXZYczNrY3d2b3dJb2EzNVROZy1DRlIyUFBPTU9UU2FKVTlvVVV5cTIyRjZfdl9WSFNCWXo2dUwzQzE5ZnluSGQ5X29BVGRZZXZVTUE4N1U3a29nQQ?oc=5,news.google.com,"Wed, 04 Mar 2026 04:00:00 GMT",0.56,YG Entertainment confirms BABYMONSTER World Tour & BIGBANG's Global bandwagon.asia,recent_release,"""BABYMONSTER"" kpop comeback"
BLACKPINK,,rumor,Blackpink Sets New Record As ‘Deadline’ Tops First-Day Sales Among K-Pop Girl Groups - Outlook Luxe,,,news_rss,https://news.google.com/rss/articles/CBMiuwFBVV95cUxQREV5ZV9pTDZyVFVyS0JqTDJEbWJGMzh0UDhwcnFKLVFFbDhmVW5rcmVrdGt5cTFkR1BHSzQ4Z0dBZG9RNFBXQVN5UlRKcGF0V1Bycm1KT2ZObWRpS0FBZll0N2RrWjlYWTZlQ3M4Nk8zc2o4dzFMcnlmTzFVMk4zcGZKUms3eFNMQzlLSzN2UERxVmZOOGVyWm90Tzh2b0tHVlJUMHdVZjU5Z0QzWWFibGhEYWtRbzRuNHBZ0gHIAUFVX3lxTFA5LVQ4Uk41RERaWnk5UXh0eC1MTEppZWVTd05yVGlNeEs0UHVKRnExQ3hBcFVsX2wyUmp3Z1U3Z0Q2R3hWcFdBU09hVHV1blJ6VHIyTEgxTnNUc0V5VmxWOUt1S2hwcm11QmRZdUY5c3dfTGZPWE5MT1IzQndIdkUzVHF6NDhCaE9ZeWc5T1JBVlg3MURjV2hrVVVuRDV5ek1LdlRTS1lSTFNCemJxa0t6VlN2bURxM3Uxb0tMRXl0dkJSU3FQbm9l?oc=5,news.google.com,"Sat, 28 Feb 2026 10:50:00 GMT",0.56,Blackpink Sets New Record As ‘Deadline’ Tops First-Day Sales Among K-Pop Girl Groups Outlook Luxe,recent_release,"""BLACKPINK"" kpop comeback"
BTS,,rumor,"BTS Reveals 14-Song Tracklist for Upcoming ""Arirang"" Album - Tempo.co",album,,news_rss,https://news.google.com/rss/articles/CBMikwFBVV95cUxNWXFTZTFic0o2TTA5R1FOeXRMcklVWFYyZGl2aEYzWU53NHMyVDYzdVBSSVp1S09XVVFYSXN3dWtiSkJuZldFOGwwalZ4Y21rakgtM2hvbWNUQlN4TndjUVE1ZFk4dkswamNVZ1RGYzdxRlpCNTdDTTU3NnVEUlN6M1VieERleDhsaFI2ZmhJWXVCemM?oc=5,news.google.com,"Wed, 04 Mar 2026 08:55:41 GMT",0.56,"BTS Reveals 14-Song Tracklist for Upcoming ""Arirang"" Album Tempo.co",filtered_out,"""BTS"" kpop comeback"
BTS,,rumor,BTS announces 14-song tracklist for Arirang – Check full list here - The Financial Express,,,news_rss,https://news.google.com/rss/articles/CBMi1gFBVV95cUxPTWtHNjZQZFVvME9nWnlMZlREUm5vaDBUVmQ3aG8tb1RwRWotczBfd2x2LXV5cjNaRVZ2WDZUYTRxUkNVeWdYLXpFRUpDdUJkMkR1Xy14WUpQNEd2MDRXYXA1VGxKcm80WlBSWnhHaEU3U2JQV0JzMGZpaXRwWWR1bWF3N1VyQWJWVHFsUldiRmxwWHJZaWxndzMyTVRpd2ZyQThOeTFFZjB0TVctY2RzdDBURUFhekk4dWlDRlRPazVubmxhRVNCN0N4MHlXcUFaazhXMVFB0gHcAUFVX3lxTE9uV0lRWU90QjA5MVhObHBJRFNuSjF4MzQxR1ZsTjF3SnY4RDdQRXZkcTVvMFhWaFF6QzZuNUZRR05MM1FleExJaGUyNk84MlA3YnNwX1NKZzJBeUM5N2xXRUUyYTc1SG5zeFk5NzhiWWJaY0tHUERBRXdldmN6amRNTEwzbmRWa25Ba1ZlUlR1RnliYzdJYmV1VnRqb2w5YnViXzB0dU1XM2owSjV1dVBaaV85OHBhd3pYWEttRVFEZXB1cjZTMXMxSFJ4V0Q4QmUwS3E1elJVc2EzVGI?oc=5,news.google.com,"Wed, 04 Mar 2026 01:57:56 GMT",0.56,BTS announces 14-song tracklist for Arirang – Check full list here The Financial Express,filtered_out,"""BTS"" kpop comeback"
BTS,,rumor,BTS announces return with new world tour in 2026 and 2027 - The Guardian,,,news_rss,https://news.google.com/rss/articles/CBMiswFBVV95cUxPQjc1NEJ1QVdwbGxpS016dHlXTGhjQy1IYjk0OEVpT1dyS09zNXJLMVNxeW83QWtLNmYwcjZmZ3VKTTRwMGluc2dTWGRZY2hUb19OOGtKTVFYckY5b1FOUGNEbG9zeVFhZmM0d3FheDJWRzIzdnNWc1ZXSzBRd2pDWW9MTW8yNFNnVGNPTGR3N3lLLTRwVG5tOGVYUHEzdkFFMDRlRE5PdGszVWo2ME56Y2dDUQ?oc=5,news.google.com,"Wed, 14 Jan 2026 08:00:00 GMT",0.56,BTS announces return with new world tour in 2026 and 2027 The Guardian,filtered_out,"""BTS"" kpop comeback"
ENHYPEN,,rumor,ENHYPEN's 'Knife' Reveals Sharp-Fanged Vampires - 조선일보,,,news_rss,https://news.google.com/rss/articles/CBMijgFBVV95cUxPblZfVHkyVDBQVmZPY0pJaGFqNEd3RTVrQUtXejJEOEE0d0RlaXRteml5TEJuYm44Y0tSb2paeXBHeXI1MlpISTJPUkJld01oWFduVTlIVERpRXpIRWdaeklOWS1nSXpSQTNYZWdCU1d5am9TWFRxV1U4X3BDRWJTcDNoekUxYnNrVXlZYWpR?oc=5,news.google.com,"Fri, 09 Jan 2026 08:00:00 GMT",0.56,ENHYPEN's 'Knife' Reveals Sharp-Fanged Vampires 조선일보,recent_release,"""ENHYPEN"" kpop comeback"
ITZY,,rumor,ITZY’s YUNA Announces Debut Solo Album ‘Ice Cream’ - inmusicblog.com,album,,news_rss,https://news.google.com/rss/articles/CBMidkFVX3lxTFBXZmRPV244dzlYNDlKZGhGZ1h4QmxOTTBkUU0zN1BlYng0NlQ3QzVfTEdDOVRXWlNEeVRrYXBHdXRQYjBDOWVHVTdGMVBqU0NPcUxKTW1aUWZHQk52M2RNYlNEaG9HV2N2TkZPTzJsLTFrZzUxY0E?oc=5,news.google.com,"Sun, 01 Mar 2026 15:13:14 GMT",0.56,ITZY’s YUNA Announces Debut Solo Album ‘Ice Cream’ inmusicblog.com,recent_release,"""ITZY"" kpop comeback"
KiiiKiii,,rumor,"Kakao Entertainment announces 2026 plans for its artists MONSTA X, IVE, KiiiKiii, & more - allkpop",,,news_rss,https://news.google.com/rss/articles/CBMiwAFBVV95cUxQSS11aDk5TGN1WTJJN29mcE5JbTBya1JJUk1YaFZqMFBIRkhuWjZTYkpJZ3kxdzhyYUdGVXUxZWQwY2ZYLXhFZnkwSGN0SFdHV1FuZ0JSNlN6Wm5oX0xhekUzdERieHdmSEJJOGFoSjdNRVFLRHIxWTY1Z0Fpa05VV1FleUljZUZnaDFqdmx3bWJXdUR0ekZ2ZDNUbEMxbWtPN0cxeDNjVFVmWHFoblFxRkpYN2ZVYVVCZnVsNGZubHM?oc=5,news.google.com,"Tue, 27 Jan 2026 08:00:00 GMT",0.56,"Kakao Entertainment announces 2026 plans for its artists MONSTA X, IVE, KiiiKiii, & more allkpop",recent_release,"""KiiiKiii"" kpop comeback"
ONEUS,,rumor,ONEUS reveals the tracks for their upcoming single album ‘原 (Won)’ - allkpop,album,,news_rss,https://news.google.com/rss/articles/CBMinAFBVV95cUxOeHlXTUR3OFozMFR2U0xuZWVaNUtPWmc2Y1ZkTFFYZFh6OHN5ekZfRWxGWXduYjAzbDZBYXh5NS0tZjJOSWdYdnRwc0NjQXhCSV9hYV9JRDJnWUJ6ekNXWGVBTUtiUDNGZFR5QnVoYTMybi04Y3ByMC00eHRZZlI3c2RFSHVPRS1ULS1YblplQjVCeWROanBETlJyMlo?oc=5,news.google.com,"Wed, 07 Jan 2026 08:00:00 GMT",0.56,ONEUS reveals the tracks for their upcoming single album ‘原 (Won)’ allkpop,recent_release,"""ONEUS"" kpop comeback"
ZEROBASEONE,,rumor,ZEROBASEONE Announces New Chapter as Five-Member Group - hellokpop,,,news_rss,https://news.google.com/rss/articles/CBMijwFBVV95cUxQcTl0VDFsQ3RudzB3N3hoU1h6MGVicUFKbEoxSHhzbjlENUptREdZNlhZbVd3UGI0UGNKUElEZE1mTU04ZEFTRXZjeC02TEh1SjBFR3ZIcC1OQjl5ZERZRnJibW16eUxwUXFoY2dqU05sbm85ZHd1dEdORG1vclVIZXA2YXN2T2JtcG9zUTJCdw?oc=5,news.google.com,"Thu, 12 Feb 2026 08:00:00 GMT",0.56,ZEROBASEONE Announces New Chapter as Five-Member Group hellokpop,recent_release,"""ZEROBASEONE"" kpop comeback"
