queue_key,group,slug,entity_type,entity_tier,priority_tier,high_impact,entity_cohort,field_family_key,field_label,priority_rank,identity_critical,current_status,candidate_source_hints,recommended_action
629be650-1571-52b7-b2ad-a8b6f94ee6a9:entities.representative_image,(G)I-DLE,g-i-dle,group,core,tier_1,true,latest,entities.representative_image,Representative Image,0,true,unresolved,teamBadgeAssets.badge_image_url,existing structured source 후보를 canonical entity data로 승격할지 검토합니다.
f4f0ed00-aeb6-5830-a790-d3d62882a569:entities.representative_image,&TEAM,and-team,group,core,tier_1,true,latest,entities.representative_image,Representative Image,0,true,unresolved,teamBadgeAssets.badge_image_url,existing structured source 후보를 canonical entity data로 승격할지 검토합니다.
9484b04e-063d-5b55-925e-3b8f501a3959:entities.representative_image,AB6IX,ab6ix,group,longtail,tier_1,true,latest,entities.representative_image,Representative Image,0,true,unresolved,teamBadgeAssets.badge_image_url,existing structured source 후보를 canonical entity data로 승격할지 검토합니다.
35ce2090-0fe8-59b9-af6f-bc6d9fee41d4:entities.representative_image,aespa,aespa,group,core,tier_1,true,latest,entities.representative_image,Representative Image,0,true,unresolved,teamBadgeAssets.badge_image_url,existing structured source 후보를 canonical entity data로 승격할지 검토합니다.
5b7c7bae-798a-5cee-be32-c356ca42235a:entities.representative_image,ALL(H)OURS,all-h-ours,group,longtail,tier_1,true,latest,entities.representative_image,Representative Image,0,true,unresolved,,dependable source를 찾기 전까지 unresolved 상태로 남기고 별도 acquisition tranche에서 다룹니다.
3242a846-45bc-5c36-9ade-7ab4020424ac:entities.representative_image,ATEEZ,ateez,group,core,tier_1,true,latest,entities.representative_image,Representative Image,0,true,unresolved,teamBadgeAssets.badge_image_url,existing structured source 후보를 canonical entity data로 승격할지 검토합니다.
d727b90c-5193-5804-a604-85ab115b2761:entities.representative_image,AtHeart,atheart,group,core,tier_1,true,latest,entities.representative_image,Representative Image,0,true,unresolved,,dependable source를 찾기 전까지 unresolved 상태로 남기고 별도 acquisition tranche에서 다룹니다.
9fff145e-29fd-58bc-ae2e-9df679eef0c0:entities.representative_image,BABYMONSTER,babymonster,group,core,tier_1,true,latest,entities.representative_image,Representative Image,0,true,unresolved,teamBadgeAssets.badge_image_url,existing structured source 후보를 canonical entity data로 승격할지 검토합니다.
cd58d879-b88b-5bdc-8bde-d640de23d735:entities.representative_image,BLACKPINK,blackpink,group,core,tier_1,true,latest,entities.representative_image,Representative Image,0,true,unresolved,teamBadgeAssets.badge_image_url,existing structured source 후보를 canonical entity data로 승격할지 검토합니다.
695b8e33-d826-5bfc-a622-022ab59de412:entities.representative_image,BOYNEXTDOOR,boynextdoor,group,core,tier_1,true,latest,entities.representative_image,Representative Image,0,true,unresolved,teamBadgeAssets.badge_image_url,existing structured source 후보를 canonical entity data로 승격할지 검토합니다.
1c80500b-c899-5149-a9b6-18c944cde4d4:entities.representative_image,BTS,bts,group,core,tier_1,true,latest,entities.representative_image,Representative Image,0,true,unresolved,teamBadgeAssets.badge_image_url,existing structured source 후보를 canonical entity data로 승격할지 검토합니다.
67ba3f83-df11-53fd-b4be-91e1260dc8e3:entities.representative_image,CRAVITY,cravity,group,core,tier_1,true,latest,entities.representative_image,Representative Image,0,true,unresolved,teamBadgeAssets.badge_image_url,existing structured source 후보를 canonical entity data로 승격할지 검토합니다.
4e20a1c4-f58b-5f11-8e04-34d129d96e41:entities.representative_image,DAY6,day6,group,core,tier_1,true,latest,entities.representative_image,Representative Image,0,true,unresolved,teamBadgeAssets.badge_image_url,existing structured source 후보를 canonical entity data로 승격할지 검토합니다.
c24bff80-be4a-5bae-9a52-4b93a2bd970c:entities.representative_image,ENHYPEN,enhypen,group,core,tier_1,true,latest,entities.representative_image,Representative Image,0,true,unresolved,teamBadgeAssets.badge_image_url,existing structured source 후보를 canonical entity data로 승격할지 검토합니다.
4f48276e-97a0-5669-bf0d-eb59a27f1794:entities.representative_image,EVNNE,evnne,group,core,tier_1,true,latest,entities.representative_image,Representative Image,0,true,unresolved,,dependable source를 찾기 전까지 unresolved 상태로 남기고 별도 acquisition tranche에서 다룹니다.
f0e0494b-eb6b-5e5a-895c-0c1151744e23:entities.representative_image,EXO,exo,group,core,tier_1,true,latest,entities.representative_image,Representative Image,0,true,unresolved,teamBadgeAssets.badge_image_url,existing structured source 후보를 canonical entity data로 승격할지 검토합니다.
51164678-0048-54bb-9a57-07bce2b4c7bf:entities.representative_image,FIFTY FIFTY,fifty-fifty,group,core,tier_1,true,latest,entities.representative_image,Representative Image,0,true,unresolved,teamBadgeAssets.badge_image_url,existing structured source 후보를 canonical entity data로 승격할지 검토합니다.
39cbbbb1-8fa7-55eb-81ea-f1cf02349572:entities.representative_image,fromis_9,fromis-9,group,core,tier_1,true,latest,entities.representative_image,Representative Image,0,true,unresolved,teamBadgeAssets.badge_image_url,existing structured source 후보를 canonical entity data로 승격할지 검토합니다.
eaed43cd-c0d3-5b9b-ac07-4e55a2278055:entities.representative_image,H1-KEY,h1-key,group,longtail,tier_1,true,latest,entities.representative_image,Representative Image,0,true,unresolved,teamBadgeAssets.badge_image_url,existing structured source 후보를 canonical entity data로 승격할지 검토합니다.
021ae6a8-581e-5262-b7ca-1ce913d6e28e:entities.representative_image,Hearts2Hearts,hearts2hearts,group,core,tier_1,true,latest,entities.representative_image,Representative Image,0,true,unresolved,,dependable source를 찾기 전까지 unresolved 상태로 남기고 별도 acquisition tranche에서 다룹니다.
2b7536f5-f329-53d4-85b0-9947289894b5:entities.representative_image,ifeye,ifeye,group,core,tier_1,true,latest,entities.representative_image,Representative Image,0,true,unresolved,,dependable source를 찾기 전까지 unresolved 상태로 남기고 별도 acquisition tranche에서 다룹니다.
bac249de-c287-5921-bfe5-967053ba39e8:entities.representative_image,ITZY,itzy,group,core,tier_1,true,latest,entities.representative_image,Representative Image,0,true,unresolved,teamBadgeAssets.badge_image_url,existing structured source 후보를 canonical entity data로 승격할지 검토합니다.
b8777b28-e753-5a41-ada2-5ec39c9eaa64:entities.representative_image,IVE,ive,group,core,tier_1,true,latest,entities.representative_image,Representative Image,0,true,unresolved,teamBadgeAssets.badge_image_url,existing structured source 후보를 canonical entity data로 승격할지 검토합니다.
12ac5f93-a43f-5b8c-b5b6-c64ef11b177f:entities.representative_image,KARD,kard,group,core,tier_1,true,latest,entities.representative_image,Representative Image,0,true,unresolved,teamBadgeAssets.badge_image_url,existing structured source 후보를 canonical entity data로 승격할지 검토합니다.
b3b4a669-1c1d-5864-ad41-63c5f7fbf008:entities.representative_image,Kep1er,kep1er,group,core,tier_1,true,latest,entities.representative_image,Representative Image,0,true,unresolved,,dependable source를 찾기 전까지 unresolved 상태로 남기고 별도 acquisition tranche에서 다룹니다.
d583db70-a1c7-52b4-bca2-8c02dd68bbb3:entities.representative_image,KickFlip,kickflip,group,core,tier_1,true,latest,entities.representative_image,Representative Image,0,true,unresolved,,dependable source를 찾기 전까지 unresolved 상태로 남기고 별도 acquisition tranche에서 다룹니다.
9bc0132b-4612-5911-a39b-f50eb8be9f25:entities.representative_image,KiiiKiii,kiiikiii,group,core,tier_1,true,latest,entities.representative_image,Representative Image,0,true,unresolved,,dependable source를 찾기 전까지 unresolved 상태로 남기고 별도 acquisition tranche에서 다룹니다.
51de1f6b-8abb-5c1b-80d7-39087ffa7cb8:entities.representative_image,KISS OF LIFE,kiss-of-life,group,core,tier_1,true,latest,entities.representative_image,Representative Image,0,true,unresolved,teamBadgeAssets.badge_image_url,existing structured source 후보를 canonical entity data로 승격할지 검토합니다.
498dcc3d-1ba9-5a52-a5fe-37d6daee5e95:entities.representative_image,LE SSERAFIM,le-sserafim,group,core,tier_1,true,latest,entities.representative_image,Representative Image,0,true,unresolved,teamBadgeAssets.badge_image_url,existing structured source 후보를 canonical entity data로 승격할지 검토합니다.
89a89e0b-79d1-5333-b692-d8edc408d7b0:entities.representative_image,MAMAMOO,mamamoo,group,core,tier_1,true,historical,entities.representative_image,Representative Image,0,true,unresolved,teamBadgeAssets.badge_image_url,existing structured source 후보를 canonical entity data로 승격할지 검토합니다.
b6106526-b6ee-57a1-90ab-12881937ee6a:entities.representative_image,MEOVV,meovv,group,core,tier_1,true,latest,entities.representative_image,Representative Image,0,true,unresolved,teamBadgeAssets.badge_image_url,existing structured source 후보를 canonical entity data로 승격할지 검토합니다.
6637d4b6-3117-51bf-ab64-6eea8e76b3ef:entities.representative_image,MONSTA X,monsta-x,group,core,tier_1,true,latest,entities.representative_image,Representative Image,0,true,unresolved,teamBadgeAssets.badge_image_url,existing structured source 후보를 canonical entity data로 승격할지 검토합니다.
8f7e51db-b5ce-5f3f-b0cc-b15368cf6e66:entities.representative_image,NCT DREAM,nct-dream,unit,core,tier_1,true,latest,entities.representative_image,Representative Image,0,true,unresolved,teamBadgeAssets.badge_image_url,existing structured source 후보를 canonical entity data로 승격할지 검토합니다.
144fd0d8-5eae-5a1f-8cfb-2592b3572d71:entities.representative_image,NCT WISH,nct-wish,unit,core,tier_1,true,latest,entities.representative_image,Representative Image,0,true,unresolved,,dependable source를 찾기 전까지 unresolved 상태로 남기고 별도 acquisition tranche에서 다룹니다.
45d628b9-04e7-58d2-bccb-a93ebcbf5c23:entities.representative_image,NEXZ,nexz,group,core,tier_1,true,latest,entities.representative_image,Representative Image,0,true,unresolved,teamBadgeAssets.badge_image_url,existing structured source 후보를 canonical entity data로 승격할지 검토합니다.
cb177bd3-0af4-5a96-8fea-6c9e72201198:entities.representative_image,NMIXX,nmixx,group,core,tier_1,true,latest,entities.representative_image,Representative Image,0,true,unresolved,teamBadgeAssets.badge_image_url,existing structured source 후보를 canonical entity data로 승격할지 검토합니다.
de503cec-45cd-52c2-a83a-32ded87ae729:entities.representative_image,ONEUS,oneus,group,longtail,tier_1,true,latest,entities.representative_image,Representative Image,0,true,unresolved,teamBadgeAssets.badge_image_url,existing structured source 후보를 canonical entity data로 승격할지 검토합니다.
fae1726c-4e15-5fba-a5ce-c5dad8810ee1:entities.representative_image,P1Harmony,p1harmony,group,core,tier_1,true,latest,entities.representative_image,Representative Image,0,true,unresolved,teamBadgeAssets.badge_image_url,existing structured source 후보를 canonical entity data로 승격할지 검토합니다.
b0876609-c179-51e7-b489-17b88a2ff729:entities.representative_image,PLAVE,plave,group,core,tier_1,true,latest,entities.representative_image,Representative Image,0,true,unresolved,teamBadgeAssets.badge_image_url,existing structured source 후보를 canonical entity data로 승격할지 검토합니다.
2a0db4d6-5c42-5145-bbdb-fa006fe3f504:entities.representative_image,POW,pow,group,longtail,tier_1,true,latest,entities.representative_image,Representative Image,0,true,unresolved,,dependable source를 찾기 전까지 unresolved 상태로 남기고 별도 acquisition tranche에서 다룹니다.
460bdb6a-d461-5525-9a70-475ff7e8914b:entities.representative_image,QWER,qwer,group,core,tier_1,true,latest,entities.representative_image,Representative Image,0,true,unresolved,teamBadgeAssets.badge_image_url,existing structured source 후보를 canonical entity data로 승격할지 검토합니다.
efb65b06-55ec-5d5f-b77c-47b4f8a0137e:entities.representative_image,Red Velvet,red-velvet,group,core,tier_1,true,recent,entities.representative_image,Representative Image,0,true,unresolved,teamBadgeAssets.badge_image_url,existing structured source 후보를 canonical entity data로 승격할지 검토합니다.
2e3d2f31-96a1-5665-a262-910fed4aaa36:entities.representative_image,RESCENE,rescene,group,core,tier_1,true,latest,entities.representative_image,Representative Image,0,true,unresolved,,dependable source를 찾기 전까지 unresolved 상태로 남기고 별도 acquisition tranche에서 다룹니다.
2d11b613-b8bd-5089-b69e-93f39da4b93b:entities.representative_image,RIIZE,riize,group,core,tier_1,true,latest,entities.representative_image,Representative Image,0,true,unresolved,teamBadgeAssets.badge_image_url,existing structured source 후보를 canonical entity data로 승격할지 검토합니다.
bebe2f7a-6e9b-5174-a7e3-0401957ddddd:entities.representative_image,SEVENTEEN,seventeen,group,core,tier_1,true,latest,entities.representative_image,Representative Image,0,true,unresolved,teamBadgeAssets.badge_image_url,existing structured source 후보를 canonical entity data로 승격할지 검토합니다.
62e0a373-0d6a-5da4-8305-df8b5bc00c06:entities.representative_image,SHINee,shinee,group,core,tier_1,true,latest,entities.representative_image,Representative Image,0,true,unresolved,teamBadgeAssets.badge_image_url,existing structured source 후보를 canonical entity data로 승격할지 검토합니다.
c5cbb504-fe43-5344-944f-e9a6e63ef03d:entities.representative_image,STAYC,stayc,group,core,tier_1,true,latest,entities.representative_image,Representative Image,0,true,unresolved,teamBadgeAssets.badge_image_url,existing structured source 후보를 canonical entity data로 승격할지 검토합니다.
33677806-99ca-58cb-b8c2-af2b99614e4d:entities.representative_image,Stray Kids,stray-kids,group,core,tier_1,true,latest,entities.representative_image,Representative Image,0,true,unresolved,teamBadgeAssets.badge_image_url,existing structured source 후보를 canonical entity data로 승격할지 검토합니다.
e5157dc9-f876-5c0e-b122-f24941914517:entities.representative_image,THE BOYZ,the-boyz,group,core,tier_1,true,latest,entities.representative_image,Representative Image,0,true,unresolved,teamBadgeAssets.badge_image_url,existing structured source 후보를 canonical entity data로 승격할지 검토합니다.
4911c674-b790-5fa5-82c0-cbd2b56f5d86:entities.representative_image,TOMORROW X TOGETHER,tomorrow-x-together,group,core,tier_1,true,latest,entities.representative_image,Representative Image,0,true,unresolved,teamBadgeAssets.badge_image_url,existing structured source 후보를 canonical entity data로 승격할지 검토합니다.
91a570aa-f55e-570b-9d9c-7de2852ee61c:entities.representative_image,TREASURE,treasure,group,core,tier_1,true,latest,entities.representative_image,Representative Image,0,true,unresolved,teamBadgeAssets.badge_image_url,existing structured source 후보를 canonical entity data로 승격할지 검토합니다.
bcae9279-4d4c-5f6c-a6e8-f11bd9dbe59e:entities.representative_image,tripleS,triples,group,core,tier_1,true,latest,entities.representative_image,Representative Image,0,true,unresolved,teamBadgeAssets.badge_image_url,existing structured source 후보를 canonical entity data로 승격할지 검토합니다.
666500ac-7149-5185-be07-784f38eb4e0a:entities.representative_image,TWICE,twice,group,core,tier_1,true,latest,entities.representative_image,Representative Image,0,true,unresolved,teamBadgeAssets.badge_image_url,existing structured source 후보를 canonical entity data로 승격할지 검토합니다.
173a7c4e-4f15-5929-b091-9b4fedd977da:entities.representative_image,TWS,tws,group,core,tier_1,true,latest,entities.representative_image,Representative Image,0,true,unresolved,teamBadgeAssets.badge_image_url,existing structured source 후보를 canonical entity data로 승격할지 검토합니다.
8acebe3b-3203-54a6-aad4-91f7ce021587:entities.representative_image,UNIS,unis,group,core,tier_1,true,latest,entities.representative_image,Representative Image,0,true,unresolved,teamBadgeAssets.badge_image_url,existing structured source 후보를 canonical entity data로 승격할지 검토합니다.
62b617fa-3258-5e7f-8d27-67882df0d7dc:entities.representative_image,VIVIZ,viviz,unit,core,tier_1,true,latest,entities.representative_image,Representative Image,0,true,unresolved,teamBadgeAssets.badge_image_url,existing structured source 후보를 canonical entity data로 승격할지 검토합니다.
59bf2ef4-e142-599a-babe-74ca994fffe2:entities.representative_image,WHIB,whib,group,longtail,tier_1,true,latest,entities.representative_image,Representative Image,0,true,unresolved,,dependable source를 찾기 전까지 unresolved 상태로 남기고 별도 acquisition tranche에서 다룹니다.
edddfad0-1654-5130-8952-18fd97832afa:entities.representative_image,Xdinary Heroes,xdinary-heroes,group,core,tier_1,true,latest,entities.representative_image,Representative Image,0,true,unresolved,teamBadgeAssets.badge_image_url,existing structured source 후보를 canonical entity data로 승격할지 검토합니다.
0e06b01f-2e1a-5aca-b3c3-4351574af263:entities.representative_image,xikers,xikers,group,core,tier_1,true,latest,entities.representative_image,Representative Image,0,true,unresolved,teamBadgeAssets.badge_image_url,existing structured source 후보를 canonical entity data로 승격할지 검토합니다.
98e3a7d1-084d-56eb-b6ad-e8b86b779b0e:entities.representative_image,YENA,yena,solo,unknown,tier_1,true,latest,entities.representative_image,Representative Image,0,true,unresolved,,dependable source를 찾기 전까지 unresolved 상태로 남기고 별도 acquisition tranche에서 다룹니다.
7f302a22-ba75-5e22-b349-5a7ba690f573:entities.representative_image,YOUNG POSSE,young-posse,group,longtail,tier_1,true,latest,entities.representative_image,Representative Image,0,true,unresolved,,dependable source를 찾기 전까지 unresolved 상태로 남기고 별도 acquisition tranche에서 다룹니다.
fe095aa1-2118-50bd-a2b4-b33c7c883d75:entities.representative_image,ZEROBASEONE,zerobaseone,group,core,tier_1,true,latest,entities.representative_image,Representative Image,0,true,unresolved,teamBadgeAssets.badge_image_url,existing structured source 후보를 canonical entity data로 승격할지 검토합니다.
5b7c7bae-798a-5cee-be32-c356ca42235a:entities.official_youtube,ALL(H)OURS,all-h-ours,group,longtail,tier_1,true,latest,entities.official_youtube,Official YouTube,1,true,unresolved,,dependable source를 찾기 전까지 unresolved 상태로 남기고 별도 acquisition tranche에서 다룹니다.
4f48276e-97a0-5669-bf0d-eb59a27f1794:entities.official_youtube,EVNNE,evnne,group,core,tier_1,true,latest,entities.official_youtube,Official YouTube,1,true,unresolved,,dependable source를 찾기 전까지 unresolved 상태로 남기고 별도 acquisition tranche에서 다룹니다.
021ae6a8-581e-5262-b7ca-1ce913d6e28e:entities.official_youtube,Hearts2Hearts,hearts2hearts,group,core,tier_1,true,latest,entities.official_youtube,Official YouTube,1,true,unresolved,,dependable source를 찾기 전까지 unresolved 상태로 남기고 별도 acquisition tranche에서 다룹니다.
2b7536f5-f329-53d4-85b0-9947289894b5:entities.official_youtube,ifeye,ifeye,group,core,tier_1,true,latest,entities.official_youtube,Official YouTube,1,true,unresolved,,dependable source를 찾기 전까지 unresolved 상태로 남기고 별도 acquisition tranche에서 다룹니다.
b3b4a669-1c1d-5864-ad41-63c5f7fbf008:entities.official_youtube,Kep1er,kep1er,group,core,tier_1,true,latest,entities.official_youtube,Official YouTube,1,true,unresolved,,dependable source를 찾기 전까지 unresolved 상태로 남기고 별도 acquisition tranche에서 다룹니다.
d583db70-a1c7-52b4-bca2-8c02dd68bbb3:entities.official_youtube,KickFlip,kickflip,group,core,tier_1,true,latest,entities.official_youtube,Official YouTube,1,true,unresolved,,dependable source를 찾기 전까지 unresolved 상태로 남기고 별도 acquisition tranche에서 다룹니다.
9bc0132b-4612-5911-a39b-f50eb8be9f25:entities.official_youtube,KiiiKiii,kiiikiii,group,core,tier_1,true,latest,entities.official_youtube,Official YouTube,1,true,unresolved,,dependable source를 찾기 전까지 unresolved 상태로 남기고 별도 acquisition tranche에서 다룹니다.
144fd0d8-5eae-5a1f-8cfb-2592b3572d71:entities.official_youtube,NCT WISH,nct-wish,unit,core,tier_1,true,latest,entities.official_youtube,Official YouTube,1,true,unresolved,,dependable source를 찾기 전까지 unresolved 상태로 남기고 별도 acquisition tranche에서 다룹니다.
2a0db4d6-5c42-5145-bbdb-fa006fe3f504:entities.official_youtube,POW,pow,group,longtail,tier_1,true,latest,entities.official_youtube,Official YouTube,1,true,unresolved,,dependable source를 찾기 전까지 unresolved 상태로 남기고 별도 acquisition tranche에서 다룹니다.
2e3d2f31-96a1-5665-a262-910fed4aaa36:entities.official_youtube,RESCENE,rescene,group,core,tier_1,true,latest,entities.official_youtube,Official YouTube,1,true,unresolved,,dependable source를 찾기 전까지 unresolved 상태로 남기고 별도 acquisition tranche에서 다룹니다.
59bf2ef4-e142-599a-babe-74ca994fffe2:entities.official_youtube,WHIB,whib,group,longtail,tier_1,true,latest,entities.official_youtube,Official YouTube,1,true,unresolved,,dependable source를 찾기 전까지 unresolved 상태로 남기고 별도 acquisition tranche에서 다룹니다.
7f302a22-ba75-5e22-b349-5a7ba690f573:entities.official_youtube,YOUNG POSSE,young-posse,group,longtail,tier_1,true,latest,entities.official_youtube,Official YouTube,1,true,unresolved,,dependable source를 찾기 전까지 unresolved 상태로 남기고 별도 acquisition tranche에서 다룹니다.
5b7c7bae-798a-5cee-be32-c356ca42235a:entities.agency_name,ALL(H)OURS,all-h-ours,group,longtail,tier_1,true,latest,entities.agency_name,Agency,4,false,unresolved,,dependable source를 찾기 전까지 unresolved 상태로 남기고 별도 acquisition tranche에서 다룹니다.
d727b90c-5193-5804-a604-85ab115b2761:entities.agency_name,AtHeart,atheart,group,core,tier_1,true,latest,entities.agency_name,Agency,4,false,unresolved,,dependable source를 찾기 전까지 unresolved 상태로 남기고 별도 acquisition tranche에서 다룹니다.
51164678-0048-54bb-9a57-07bce2b4c7bf:entities.agency_name,FIFTY FIFTY,fifty-fifty,group,core,tier_1,true,latest,entities.agency_name,Agency,4,false,unresolved,,dependable source를 찾기 전까지 unresolved 상태로 남기고 별도 acquisition tranche에서 다룹니다.
39cbbbb1-8fa7-55eb-81ea-f1cf02349572:entities.agency_name,fromis_9,fromis-9,group,core,tier_1,true,latest,entities.agency_name,Agency,4,false,unresolved,,dependable source를 찾기 전까지 unresolved 상태로 남기고 별도 acquisition tranche에서 다룹니다.
2b7536f5-f329-53d4-85b0-9947289894b5:entities.agency_name,ifeye,ifeye,group,core,tier_1,true,latest,entities.agency_name,Agency,4,false,unresolved,,dependable source를 찾기 전까지 unresolved 상태로 남기고 별도 acquisition tranche에서 다룹니다.
12ac5f93-a43f-5b8c-b5b6-c64ef11b177f:entities.agency_name,KARD,kard,group,core,tier_1,true,latest,entities.agency_name,Agency,4,false,unresolved,,dependable source를 찾기 전까지 unresolved 상태로 남기고 별도 acquisition tranche에서 다룹니다.
d583db70-a1c7-52b4-bca2-8c02dd68bbb3:entities.agency_name,KickFlip,kickflip,group,core,tier_1,true,latest,entities.agency_name,Agency,4,false,unresolved,,dependable source를 찾기 전까지 unresolved 상태로 남기고 별도 acquisition tranche에서 다룹니다.
9bc0132b-4612-5911-a39b-f50eb8be9f25:entities.agency_name,KiiiKiii,kiiikiii,group,core,tier_1,true,latest,entities.agency_name,Agency,4,false,unresolved,,dependable source를 찾기 전까지 unresolved 상태로 남기고 별도 acquisition tranche에서 다룹니다.
89a89e0b-79d1-5333-b692-d8edc408d7b0:entities.agency_name,MAMAMOO,mamamoo,group,core,tier_1,true,historical,entities.agency_name,Agency,4,false,unresolved,,dependable source를 찾기 전까지 unresolved 상태로 남기고 별도 acquisition tranche에서 다룹니다.
b6106526-b6ee-57a1-90ab-12881937ee6a:entities.agency_name,MEOVV,meovv,group,core,tier_1,true,latest,entities.agency_name,Agency,4,false,unresolved,,dependable source를 찾기 전까지 unresolved 상태로 남기고 별도 acquisition tranche에서 다룹니다.
2a0db4d6-5c42-5145-bbdb-fa006fe3f504:entities.agency_name,POW,pow,group,longtail,tier_1,true,latest,entities.agency_name,Agency,4,false,unresolved,,dependable source를 찾기 전까지 unresolved 상태로 남기고 별도 acquisition tranche에서 다룹니다.
460bdb6a-d461-5525-9a70-475ff7e8914b:entities.agency_name,QWER,qwer,group,core,tier_1,true,latest,entities.agency_name,Agency,4,false,unresolved,,dependable source를 찾기 전까지 unresolved 상태로 남기고 별도 acquisition tranche에서 다룹니다.
efb65b06-55ec-5d5f-b77c-47b4f8a0137e:entities.agency_name,Red Velvet,red-velvet,group,core,tier_1,true,recent,entities.agency_name,Agency,4,false,unresolved,,dependable source를 찾기 전까지 unresolved 상태로 남기고 별도 acquisition tranche에서 다룹니다.
2e3d2f31-96a1-5665-a262-910fed4aaa36:entities.agency_name,RESCENE,rescene,group,core,tier_1,true,latest,entities.agency_name,Agency,4,false,unresolved,,dependable source를 찾기 전까지 unresolved 상태로 남기고 별도 acquisition tranche에서 다룹니다.
c5cbb504-fe43-5344-944f-e9a6e63ef03d:entities.agency_name,STAYC,stayc,group,core,tier_1,true,latest,entities.agency_name,Agency,4,false,unresolved,,dependable source를 찾기 전까지 unresolved 상태로 남기고 별도 acquisition tranche에서 다룹니다.
8acebe3b-3203-54a6-aad4-91f7ce021587:entities.agency_name,UNIS,unis,group,core,tier_1,true,latest,entities.agency_name,Agency,4,false,unresolved,,dependable source를 찾기 전까지 unresolved 상태로 남기고 별도 acquisition tranche에서 다룹니다.
62b617fa-3258-5e7f-8d27-67882df0d7dc:entities.agency_name,VIVIZ,viviz,unit,core,tier_1,true,latest,entities.agency_name,Agency,4,false,unresolved,,dependable source를 찾기 전까지 unresolved 상태로 남기고 별도 acquisition tranche에서 다룹니다.
59bf2ef4-e142-599a-babe-74ca994fffe2:entities.agency_name,WHIB,whib,group,longtail,tier_1,true,latest,entities.agency_name,Agency,4,false,unresolved,,dependable source를 찾기 전까지 unresolved 상태로 남기고 별도 acquisition tranche에서 다룹니다.
edddfad0-1654-5130-8952-18fd97832afa:entities.agency_name,Xdinary Heroes,xdinary-heroes,group,core,tier_1,true,latest,entities.agency_name,Agency,4,false,unresolved,,dependable source를 찾기 전까지 unresolved 상태로 남기고 별도 acquisition tranche에서 다룹니다.
98e3a7d1-084d-56eb-b6ad-e8b86b779b0e:entities.agency_name,YENA,yena,solo,unknown,tier_1,true,latest,entities.agency_name,Agency,4,false,unresolved,,dependable source를 찾기 전까지 unresolved 상태로 남기고 별도 acquisition tranche에서 다룹니다.
7f302a22-ba75-5e22-b349-5a7ba690f573:entities.agency_name,YOUNG POSSE,young-posse,group,longtail,tier_1,true,latest,entities.agency_name,Agency,4,false,unresolved,,dependable source를 찾기 전까지 unresolved 상태로 남기고 별도 acquisition tranche에서 다룹니다.
629be650-1571-52b7-b2ad-a8b6f94ee6a9:entities.debut_year,(G)I-DLE,g-i-dle,group,core,tier_1,true,latest,entities.debut_year,Debut Year,5,false,unresolved,,dependable source를 찾기 전까지 unresolved 상태로 남기고 별도 acquisition tranche에서 다룹니다.
f4f0ed00-aeb6-5830-a790-d3d62882a569:entities.debut_year,&TEAM,and-team,group,core,tier_1,true,latest,entities.debut_year,Debut Year,5,false,unresolved,,dependable source를 찾기 전까지 unresolved 상태로 남기고 별도 acquisition tranche에서 다룹니다.
9484b04e-063d-5b55-925e-3b8f501a3959:entities.debut_year,AB6IX,ab6ix,group,longtail,tier_1,true,latest,entities.debut_year,Debut Year,5,false,unresolved,,dependable source를 찾기 전까지 unresolved 상태로 남기고 별도 acquisition tranche에서 다룹니다.
35ce2090-0fe8-59b9-af6f-bc6d9fee41d4:entities.debut_year,aespa,aespa,group,core,tier_1,true,latest,entities.debut_year,Debut Year,5,false,unresolved,,dependable source를 찾기 전까지 unresolved 상태로 남기고 별도 acquisition tranche에서 다룹니다.
5b7c7bae-798a-5cee-be32-c356ca42235a:entities.debut_year,ALL(H)OURS,all-h-ours,group,longtail,tier_1,true,latest,entities.debut_year,Debut Year,5,false,unresolved,,dependable source를 찾기 전까지 unresolved 상태로 남기고 별도 acquisition tranche에서 다룹니다.
3242a846-45bc-5c36-9ade-7ab4020424ac:entities.debut_year,ATEEZ,ateez,group,core,tier_1,true,latest,entities.debut_year,Debut Year,5,false,unresolved,,dependable source를 찾기 전까지 unresolved 상태로 남기고 별도 acquisition tranche에서 다룹니다.
9fff145e-29fd-58bc-ae2e-9df679eef0c0:entities.debut_year,BABYMONSTER,babymonster,group,core,tier_1,true,latest,entities.debut_year,Debut Year,5,false,unresolved,,dependable source를 찾기 전까지 unresolved 상태로 남기고 별도 acquisition tranche에서 다룹니다.
cd58d879-b88b-5bdc-8bde-d640de23d735:entities.debut_year,BLACKPINK,blackpink,group,core,tier_1,true,latest,entities.debut_year,Debut Year,5,false,unresolved,,dependable source를 찾기 전까지 unresolved 상태로 남기고 별도 acquisition tranche에서 다룹니다.
695b8e33-d826-5bfc-a622-022ab59de412:entities.debut_year,BOYNEXTDOOR,boynextdoor,group,core,tier_1,true,latest,entities.debut_year,Debut Year,5,false,unresolved,,dependable source를 찾기 전까지 unresolved 상태로 남기고 별도 acquisition tranche에서 다룹니다.
1c80500b-c899-5149-a9b6-18c944cde4d4:entities.debut_year,BTS,bts,group,core,tier_1,true,latest,entities.debut_year,Debut Year,5,false,unresolved,,dependable source를 찾기 전까지 unresolved 상태로 남기고 별도 acquisition tranche에서 다룹니다.
67ba3f83-df11-53fd-b4be-91e1260dc8e3:entities.debut_year,CRAVITY,cravity,group,core,tier_1,true,latest,entities.debut_year,Debut Year,5,false,unresolved,,dependable source를 찾기 전까지 unresolved 상태로 남기고 별도 acquisition tranche에서 다룹니다.
4e20a1c4-f58b-5f11-8e04-34d129d96e41:entities.debut_year,DAY6,day6,group,core,tier_1,true,latest,entities.debut_year,Debut Year,5,false,unresolved,,dependable source를 찾기 전까지 unresolved 상태로 남기고 별도 acquisition tranche에서 다룹니다.
c24bff80-be4a-5bae-9a52-4b93a2bd970c:entities.debut_year,ENHYPEN,enhypen,group,core,tier_1,true,latest,entities.debut_year,Debut Year,5,false,unresolved,,dependable source를 찾기 전까지 unresolved 상태로 남기고 별도 acquisition tranche에서 다룹니다.
4f48276e-97a0-5669-bf0d-eb59a27f1794:entities.debut_year,EVNNE,evnne,group,core,tier_1,true,latest,entities.debut_year,Debut Year,5,false,unresolved,,dependable source를 찾기 전까지 unresolved 상태로 남기고 별도 acquisition tranche에서 다룹니다.
f0e0494b-eb6b-5e5a-895c-0c1151744e23:entities.debut_year,EXO,exo,group,core,tier_1,true,latest,entities.debut_year,Debut Year,5,false,unresolved,,dependable source를 찾기 전까지 unresolved 상태로 남기고 별도 acquisition tranche에서 다룹니다.
51164678-0048-54bb-9a57-07bce2b4c7bf:entities.debut_year,FIFTY FIFTY,fifty-fifty,group,core,tier_1,true,latest,entities.debut_year,Debut Year,5,false,unresolved,,dependable source를 찾기 전까지 unresolved 상태로 남기고 별도 acquisition tranche에서 다룹니다.
39cbbbb1-8fa7-55eb-81ea-f1cf02349572:entities.debut_year,fromis_9,fromis-9,group,core,tier_1,true,latest,entities.debut_year,Debut Year,5,false,unresolved,,dependable source를 찾기 전까지 unresolved 상태로 남기고 별도 acquisition tranche에서 다룹니다.
eaed43cd-c0d3-5b9b-ac07-4e55a2278055:entities.debut_year,H1-KEY,h1-key,group,longtail,tier_1,true,latest,entities.debut_year,Debut Year,5,false,unresolved,,dependable source를 찾기 전까지 unresolved 상태로 남기고 별도 acquisition tranche에서 다룹니다.
bac249de-c287-5921-bfe5-967053ba39e8:entities.debut_year,ITZY,itzy,group,core,tier_1,true,latest,entities.debut_year,Debut Year,5,false,unresolved,,dependable source를 찾기 전까지 unresolved 상태로 남기고 별도 acquisition tranche에서 다룹니다.
b8777b28-e753-5a41-ada2-5ec39c9eaa64:entities.debut_year,IVE,ive,group,core,tier_1,true,latest,entities.debut_year,Debut Year,5,false,unresolved,,dependable source를 찾기 전까지 unresolved 상태로 남기고 별도 acquisition tranche에서 다룹니다.
12ac5f93-a43f-5b8c-b5b6-c64ef11b177f:entities.debut_year,KARD,kard,group,core,tier_1,true,latest,entities.debut_year,Debut Year,5,false,unresolved,,dependable source를 찾기 전까지 unresolved 상태로 남기고 별도 acquisition tranche에서 다룹니다.
b3b4a669-1c1d-5864-ad41-63c5f7fbf008:entities.debut_year,Kep1er,kep1er,group,core,tier_1,true,latest,entities.debut_year,Debut Year,5,false,unresolved,,dependable source를 찾기 전까지 unresolved 상태로 남기고 별도 acquisition tranche에서 다룹니다.
51de1f6b-8abb-5c1b-80d7-39087ffa7cb8:entities.debut_year,KISS OF LIFE,kiss-of-life,group,core,tier_1,true,latest,entities.debut_year,Debut Year,5,false,unresolved,,dependable source를 찾기 전까지 unresolved 상태로 남기고 별도 acquisition tranche에서 다룹니다.
498dcc3d-1ba9-5a52-a5fe-37d6daee5e95:entities.debut_year,LE SSERAFIM,le-sserafim,group,core,tier_1,true,latest,entities.debut_year,Debut Year,5,false,unresolved,,dependable source를 찾기 전까지 unresolved 상태로 남기고 별도 acquisition tranche에서 다룹니다.
89a89e0b-79d1-5333-b692-d8edc408d7b0:entities.debut_year,MAMAMOO,mamamoo,group,core,tier_1,true,historical,entities.debut_year,Debut Year,5,false,unresolved,,dependable source를 찾기 전까지 unresolved 상태로 남기고 별도 acquisition tranche에서 다룹니다.
b6106526-b6ee-57a1-90ab-12881937ee6a:entities.debut_year,MEOVV,meovv,group,core,tier_1,true,latest,entities.debut_year,Debut Year,5,false,unresolved,,dependable source를 찾기 전까지 unresolved 상태로 남기고 별도 acquisition tranche에서 다룹니다.
6637d4b6-3117-51bf-ab64-6eea8e76b3ef:entities.debut_year,MONSTA X,monsta-x,group,core,tier_1,true,latest,entities.debut_year,Debut Year,5,false,unresolved,,dependable source를 찾기 전까지 unresolved 상태로 남기고 별도 acquisition tranche에서 다룹니다.
8f7e51db-b5ce-5f3f-b0cc-b15368cf6e66:entities.debut_year,NCT DREAM,nct-dream,unit,core,tier_1,true,latest,entities.debut_year,Debut Year,5,false,unresolved,,dependable source를 찾기 전까지 unresolved 상태로 남기고 별도 acquisition tranche에서 다룹니다.
144fd0d8-5eae-5a1f-8cfb-2592b3572d71:entities.debut_year,NCT WISH,nct-wish,unit,core,tier_1,true,latest,entities.debut_year,Debut Year,5,false,unresolved,,dependable source를 찾기 전까지 unresolved 상태로 남기고 별도 acquisition tranche에서 다룹니다.
45d628b9-04e7-58d2-bccb-a93ebcbf5c23:entities.debut_year,NEXZ,nexz,group,core,tier_1,true,latest,entities.debut_year,Debut Year,5,false,unresolved,,dependable source를 찾기 전까지 unresolved 상태로 남기고 별도 acquisition tranche에서 다룹니다.
cb177bd3-0af4-5a96-8fea-6c9e72201198:entities.debut_year,NMIXX,nmixx,group,core,tier_1,true,latest,entities.debut_year,Debut Year,5,false,unresolved,,dependable source를 찾기 전까지 unresolved 상태로 남기고 별도 acquisition tranche에서 다룹니다.
de503cec-45cd-52c2-a83a-32ded87ae729:entities.debut_year,ONEUS,oneus,group,longtail,tier_1,true,latest,entities.debut_year,Debut Year,5,false,unresolved,,dependable source를 찾기 전까지 unresolved 상태로 남기고 별도 acquisition tranche에서 다룹니다.
fae1726c-4e15-5fba-a5ce-c5dad8810ee1:entities.debut_year,P1Harmony,p1harmony,group,core,tier_1,true,latest,entities.debut_year,Debut Year,5,false,unresolved,,dependable source를 찾기 전까지 unresolved 상태로 남기고 별도 acquisition tranche에서 다룹니다.
b0876609-c179-51e7-b489-17b88a2ff729:entities.debut_year,PLAVE,plave,group,core,tier_1,true,latest,entities.debut_year,Debut Year,5,false,unresolved,,dependable source를 찾기 전까지 unresolved 상태로 남기고 별도 acquisition tranche에서 다룹니다.
2a0db4d6-5c42-5145-bbdb-fa006fe3f504:entities.debut_year,POW,pow,group,longtail,tier_1,true,latest,entities.debut_year,Debut Year,5,false,unresolved,,dependable source를 찾기 전까지 unresolved 상태로 남기고 별도 acquisition tranche에서 다룹니다.
460bdb6a-d461-5525-9a70-475ff7e8914b:entities.debut_year,QWER,qwer,group,core,tier_1,true,latest,entities.debut_year,Debut Year,5,false,unresolved,,dependable source를 찾기 전까지 unresolved 상태로 남기고 별도 acquisition tranche에서 다룹니다.
efb65b06-55ec-5d5f-b77c-47b4f8a0137e:entities.debut_year,Red Velvet,red-velvet,group,core,tier_1,true,recent,entities.debut_year,Debut Year,5,false,unresolved,,dependable source를 찾기 전까지 unresolved 상태로 남기고 별도 acquisition tranche에서 다룹니다.
2e3d2f31-96a1-5665-a262-910fed4aaa36:entities.debut_year,RESCENE,rescene,group,core,tier_1,true,latest,entities.debut_year,Debut Year,5,false,unresolved,,dependable source를 찾기 전까지 unresolved 상태로 남기고 별도 acquisition tranche에서 다룹니다.
2d11b613-b8bd-5089-b69e-93f39da4b93b:entities.debut_year,RIIZE,riize,group,core,tier_1,true,latest,entities.debut_year,Debut Year,5,false,unresolved,,dependable source를 찾기 전까지 unresolved 상태로 남기고 별도 acquisition tranche에서 다룹니다.
bebe2f7a-6e9b-5174-a7e3-0401957ddddd:entities.debut_year,SEVENTEEN,seventeen,group,core,tier_1,true,latest,entities.debut_year,Debut Year,5,false,unresolved,,dependable source를 찾기 전까지 unresolved 상태로 남기고 별도 acquisition tranche에서 다룹니다.
62e0a373-0d6a-5da4-8305-df8b5bc00c06:entities.debut_year,SHINee,shinee,group,core,tier_1,true,latest,entities.debut_year,Debut Year,5,false,unresolved,,dependable source를 찾기 전까지 unresolved 상태로 남기고 별도 acquisition tranche에서 다룹니다.
c5cbb504-fe43-5344-944f-e9a6e63ef03d:entities.debut_year,STAYC,stayc,group,core,tier_1,true,latest,entities.debut_year,Debut Year,5,false,unresolved,,dependable source를 찾기 전까지 unresolved 상태로 남기고 별도 acquisition tranche에서 다룹니다.
33677806-99ca-58cb-b8c2-af2b99614e4d:entities.debut_year,Stray Kids,stray-kids,group,core,tier_1,true,latest,entities.debut_year,Debut Year,5,false,unresolved,,dependable source를 찾기 전까지 unresolved 상태로 남기고 별도 acquisition tranche에서 다룹니다.
e5157dc9-f876-5c0e-b122-f24941914517:entities.debut_year,THE BOYZ,the-boyz,group,core,tier_1,true,latest,entities.debut_year,Debut Year,5,false,unresolved,,dependable source를 찾기 전까지 unresolved 상태로 남기고 별도 acquisition tranche에서 다룹니다.
4911c674-b790-5fa5-82c0-cbd2b56f5d86:entities.debut_year,TOMORROW X TOGETHER,tomorrow-x-together,group,core,tier_1,true,latest,entities.debut_year,Debut Year,5,false,unresolved,,dependable source를 찾기 전까지 unresolved 상태로 남기고 별도 acquisition tranche에서 다룹니다.
91a570aa-f55e-570b-9d9c-7de2852ee61c:entities.debut_year,TREASURE,treasure,group,core,tier_1,true,latest,entities.debut_year,Debut Year,5,false,unresolved,,dependable source를 찾기 전까지 unresolved 상태로 남기고 별도 acquisition tranche에서 다룹니다.
bcae9279-4d4c-5f6c-a6e8-f11bd9dbe59e:entities.debut_year,tripleS,triples,group,core,tier_1,true,latest,entities.debut_year,Debut Year,5,false,unresolved,,dependable source를 찾기 전까지 unresolved 상태로 남기고 별도 acquisition tranche에서 다룹니다.
666500ac-7149-5185-be07-784f38eb4e0a:entities.debut_year,TWICE,twice,group,core,tier_1,true,latest,entities.debut_year,Debut Year,5,false,unresolved,,dependable source를 찾기 전까지 unresolved 상태로 남기고 별도 acquisition tranche에서 다룹니다.
173a7c4e-4f15-5929-b091-9b4fedd977da:entities.debut_year,TWS,tws,group,core,tier_1,true,latest,entities.debut_year,Debut Year,5,false,unresolved,,dependable source를 찾기 전까지 unresolved 상태로 남기고 별도 acquisition tranche에서 다룹니다.
8acebe3b-3203-54a6-aad4-91f7ce021587:entities.debut_year,UNIS,unis,group,core,tier_1,true,latest,entities.debut_year,Debut Year,5,false,unresolved,,dependable source를 찾기 전까지 unresolved 상태로 남기고 별도 acquisition tranche에서 다룹니다.
62b617fa-3258-5e7f-8d27-67882df0d7dc:entities.debut_year,VIVIZ,viviz,unit,core,tier_1,true,latest,entities.debut_year,Debut Year,5,false,unresolved,,dependable source를 찾기 전까지 unresolved 상태로 남기고 별도 acquisition tranche에서 다룹니다.
59bf2ef4-e142-599a-babe-74ca994fffe2:entities.debut_year,WHIB,whib,group,longtail,tier_1,true,latest,entities.debut_year,Debut Year,5,false,unresolved,,dependable source를 찾기 전까지 unresolved 상태로 남기고 별도 acquisition tranche에서 다룹니다.
edddfad0-1654-5130-8952-18fd97832afa:entities.debut_year,Xdinary Heroes,xdinary-heroes,group,core,tier_1,true,latest,entities.debut_year,Debut Year,5,false,unresolved,,dependable source를 찾기 전까지 unresolved 상태로 남기고 별도 acquisition tranche에서 다룹니다.
0e06b01f-2e1a-5aca-b3c3-4351574af263:entities.debut_year,xikers,xikers,group,core,tier_1,true,latest,entities.debut_year,Debut Year,5,false,unresolved,,dependable source를 찾기 전까지 unresolved 상태로 남기고 별도 acquisition tranche에서 다룹니다.
98e3a7d1-084d-56eb-b6ad-e8b86b779b0e:entities.debut_year,YENA,yena,solo,unknown,tier_1,true,latest,entities.debut_year,Debut Year,5,false,unresolved,,dependable source를 찾기 전까지 unresolved 상태로 남기고 별도 acquisition tranche에서 다룹니다.
7f302a22-ba75-5e22-b349-5a7ba690f573:entities.debut_year,YOUNG POSSE,young-posse,group,longtail,tier_1,true,latest,entities.debut_year,Debut Year,5,false,unresolved,,dependable source를 찾기 전까지 unresolved 상태로 남기고 별도 acquisition tranche에서 다룹니다.
fe095aa1-2118-50bd-a2b4-b33c7c883d75:entities.debut_year,ZEROBASEONE,zerobaseone,group,core,tier_1,true,latest,entities.debut_year,Debut Year,5,false,unresolved,,dependable source를 찾기 전까지 unresolved 상태로 남기고 별도 acquisition tranche에서 다룹니다.
4cd86bd6-deee-5259-8f66-a331c68d1e5b:entities.representative_image,82MAJOR,82major,group,longtail,tier_2,false,latest,entities.representative_image,Representative Image,0,true,unresolved,teamBadgeAssets.badge_image_url,existing structured source 후보를 canonical entity data로 승격할지 검토합니다.
68cd5c55-a215-5eec-a726-8610b6ad8002:entities.representative_image,8TURN,8turn,group,longtail,tier_2,false,latest,entities.representative_image,Representative Image,0,true,unresolved,teamBadgeAssets.badge_image_url,existing structured source 후보를 canonical entity data로 승격할지 검토합니다.
ce8cbb05-3b7b-56bd-b755-a1622f9aca2e:entities.representative_image,ALLDAY PROJECT,allday-project,project,unknown,tier_2,false,latest,entities.representative_image,Representative Image,0,true,unresolved,,dependable source를 찾기 전까지 unresolved 상태로 남기고 별도 acquisition tranche에서 다룹니다.
b0b269ed-b188-5972-bda8-19658d39d593:entities.representative_image,AMPERS&ONE,ampers-and-one,group,longtail,tier_2,false,latest,entities.representative_image,Representative Image,0,true,unresolved,teamBadgeAssets.badge_image_url,existing structured source 후보를 canonical entity data로 승격할지 검토합니다.
05fce9f2-276a-53cc-9810-2627e8d035f9:entities.representative_image,ARTMS,artms,unit,longtail,tier_2,false,latest,entities.representative_image,Representative Image,0,true,unresolved,,dependable source를 찾기 전까지 unresolved 상태로 남기고 별도 acquisition tranche에서 다룹니다.
ea80bd7b-0f04-5c3f-ae24-b7d24a43fe4c:entities.representative_image,ATBO,atbo,group,longtail,tier_2,false,recent,entities.representative_image,Representative Image,0,true,unresolved,teamBadgeAssets.badge_image_url,existing structured source 후보를 canonical entity data로 승격할지 검토합니다.
b63634c5-959c-5b92-86f6-8484113e6cbf:entities.representative_image,BADVILLAIN,badvillain,group,longtail,tier_2,false,latest,entities.representative_image,Representative Image,0,true,unresolved,teamBadgeAssets.badge_image_url,existing structured source 후보를 canonical entity data로 승격할지 검토합니다.
6aba24f0-569a-5ca9-9d08-36484252b543:entities.representative_image,BAE173,bae173,group,longtail,tier_2,false,latest,entities.representative_image,Representative Image,0,true,unresolved,teamBadgeAssets.badge_image_url,existing structured source 후보를 canonical entity data로 승격할지 검토합니다.
74351ddc-7ad7-55d4-992a-47297564121b:entities.representative_image,BLITZERS,blitzers,group,longtail,tier_2,false,recent,entities.representative_image,Representative Image,0,true,unresolved,,dependable source를 찾기 전까지 unresolved 상태로 남기고 별도 acquisition tranche에서 다룹니다.
cfb737b2-dc12-5e8f-a106-92b86de99580:entities.representative_image,BTOB,btob,group,core,tier_2,false,recent,entities.representative_image,Representative Image,0,true,unresolved,teamBadgeAssets.badge_image_url,existing structured source 후보를 canonical entity data로 승격할지 검토합니다.
1b2021c3-0f1e-5e4b-aef3-660d98f2f590:entities.representative_image,cignature,cignature,group,longtail,tier_2,false,recent,entities.representative_image,Representative Image,0,true,unresolved,teamBadgeAssets.badge_image_url,existing structured source 후보를 canonical entity data로 승격할지 검토합니다.
03f59482-2bc4-5632-87a4-c312d256d165:entities.representative_image,CIX,cix,group,longtail,tier_2,false,latest,entities.representative_image,Representative Image,0,true,unresolved,teamBadgeAssets.badge_image_url,existing structured source 후보를 canonical entity data로 승격할지 검토합니다.
020a004e-6451-56ff-af6c-c9fc79c95c3d:entities.representative_image,CLASS:y,class-y,group,longtail,tier_2,false,recent,entities.representative_image,Representative Image,0,true,unresolved,teamBadgeAssets.badge_image_url,existing structured source 후보를 canonical entity data로 승격할지 검토합니다.
e9728dea-ff17-57d2-8b8e-4776d4039797:entities.representative_image,CLOSE YOUR EYES,close-your-eyes,group,unknown,tier_2,false,latest,entities.representative_image,Representative Image,0,true,unresolved,,dependable source를 찾기 전까지 unresolved 상태로 남기고 별도 acquisition tranche에서 다룹니다.
6e5b23e5-794d-588f-9dc5-881193526f28:entities.representative_image,DKB,dkb,group,longtail,tier_2,false,latest,entities.representative_image,Representative Image,0,true,unresolved,teamBadgeAssets.badge_image_url,existing structured source 후보를 canonical entity data로 승격할지 검토합니다.
a07bc77d-249d-5f10-abcf-1c3c366400ed:entities.representative_image,Dreamcatcher,dreamcatcher,group,core,tier_2,false,recent,entities.representative_image,Representative Image,0,true,unresolved,teamBadgeAssets.badge_image_url,existing structured source 후보를 canonical entity data로 승격할지 검토합니다.
48555f2f-aecf-5144-99df-effe1827093e:entities.representative_image,DRIPPIN,drippin,group,longtail,tier_2,false,recent,entities.representative_image,Representative Image,0,true,unresolved,,dependable source를 찾기 전까지 unresolved 상태로 남기고 별도 acquisition tranche에서 다룹니다.
63415710-b430-5dab-8f05-619568e5cafa:entities.representative_image,DXMON,dxmon,group,longtail,tier_2,false,recent,entities.representative_image,Representative Image,0,true,unresolved,,dependable source를 찾기 전까지 unresolved 상태로 남기고 별도 acquisition tranche에서 다룹니다.
efb4daed-60bc-513d-9143-f3fcab24826d:entities.representative_image,EPEX,epex,group,longtail,tier_2,false,latest,entities.representative_image,Representative Image,0,true,unresolved,teamBadgeAssets.badge_image_url,existing structured source 후보를 canonical entity data로 승격할지 검토합니다.
6e23e0a6-6489-5816-8e16-0d3a600aa210:entities.representative_image,GHOST9,ghost9,group,longtail,tier_2,false,recent,entities.representative_image,Representative Image,0,true,unresolved,teamBadgeAssets.badge_image_url,existing structured source 후보를 canonical entity data로 승격할지 검토합니다.
7c0260f6-0906-5832-bf65-9a4e4047ba0e:entities.representative_image,INFINITE,infinite,group,core,tier_2,false,recent,entities.representative_image,Representative Image,0,true,unresolved,teamBadgeAssets.badge_image_url,existing structured source 후보를 canonical entity data로 승격할지 검토합니다.
8177f867-7b23-5411-9170-1af6a6dc3d18:entities.representative_image,izna,izna,group,longtail,tier_2,false,latest,entities.representative_image,Representative Image,0,true,unresolved,teamBadgeAssets.badge_image_url,existing structured source 후보를 canonical entity data로 승격할지 검토합니다.
f2d19b0c-acf5-527f-9d7a-f95490ab7bb3:entities.representative_image,LIGHTSUM,lightsum,group,longtail,tier_2,false,latest,entities.representative_image,Representative Image,0,true,unresolved,teamBadgeAssets.badge_image_url,existing structured source 후보를 canonical entity data로 승격할지 검토합니다.
69a2d970-7298-5358-aa93-974aa9f6637d:entities.representative_image,Loossemble,loossemble,group,longtail,tier_2,false,recent,entities.representative_image,Representative Image,0,true,unresolved,,dependable source를 찾기 전까지 unresolved 상태로 남기고 별도 acquisition tranche에서 다룹니다.
d4b0497d-31c1-5cba-986a-7bd699f9787e:entities.representative_image,LUN8,lun8,group,longtail,tier_2,false,latest,entities.representative_image,Representative Image,0,true,unresolved,teamBadgeAssets.badge_image_url,existing structured source 후보를 canonical entity data로 승격할지 검토합니다.
60fa4cc5-880e-5069-b070-3c7b52d8e390:entities.representative_image,MCND,mcnd,group,longtail,tier_2,false,recent,entities.representative_image,Representative Image,0,true,unresolved,teamBadgeAssets.badge_image_url,existing structured source 후보를 canonical entity data로 승격할지 검토합니다.
1b5f3b1d-0071-5663-95ae-8d91c6dc38cc:entities.representative_image,NCT 127,nct-127,group,core,tier_2,false,recent,entities.representative_image,Representative Image,0,true,unresolved,teamBadgeAssets.badge_image_url,existing structured source 후보를 canonical entity data로 승격할지 검토합니다.
897c43ef-5e03-5fd6-be43-a0a4ae236b88:entities.representative_image,NewJeans,newjeans,group,core,tier_2,false,recent,entities.representative_image,Representative Image,0,true,unresolved,teamBadgeAssets.badge_image_url,existing structured source 후보를 canonical entity data로 승격할지 검토합니다.
02b6344c-8516-5bab-8b42-76380d4d31ff:entities.representative_image,NOMAD,nomad,group,longtail,tier_2,false,recent,entities.representative_image,Representative Image,0,true,unresolved,,dependable source를 찾기 전까지 unresolved 상태로 남기고 별도 acquisition tranche에서 다룹니다.
da9c0a8e-6c6e-540f-abba-5da493bed734:entities.representative_image,ONEWE,onewe,group,longtail,tier_2,false,latest,entities.representative_image,Representative Image,0,true,unresolved,teamBadgeAssets.badge_image_url,existing structured source 후보를 canonical entity data로 승격할지 검토합니다.
e9c89c11-8105-54a8-9861-cc5e32f27e36:entities.representative_image,ONF,onf,group,longtail,tier_2,false,latest,entities.representative_image,Representative Image,0,true,unresolved,teamBadgeAssets.badge_image_url,existing structured source 후보를 canonical entity data로 승격할지 검토합니다.
ff2be755-8a51-5c89-9cf5-e22fdea348ed:entities.representative_image,Purple Kiss,purple-kiss,group,longtail,tier_2,false,latest,entities.representative_image,Representative Image,0,true,unresolved,teamBadgeAssets.badge_image_url,existing structured source 후보를 canonical entity data로 승격할지 검토합니다.
25672a1e-8fbf-56b8-b146-c05b23d72f46:entities.representative_image,SAY MY NAME,say-my-name,group,longtail,tier_2,false,latest,entities.representative_image,Representative Image,0,true,unresolved,,dependable source를 찾기 전까지 unresolved 상태로 남기고 별도 acquisition tranche에서 다룹니다.
ccc1be42-2ec8-5624-80eb-e5d30f5eb256:entities.representative_image,TEMPEST,tempest,group,longtail,tier_2,false,latest,entities.representative_image,Representative Image,0,true,unresolved,,dependable source를 찾기 전까지 unresolved 상태로 남기고 별도 acquisition tranche에서 다룹니다.
2f36e68e-6701-5aa6-b50c-ece267e5e346:entities.representative_image,The KingDom,the-kingdom,group,longtail,tier_2,false,latest,entities.representative_image,Representative Image,0,true,unresolved,,dependable source를 찾기 전까지 unresolved 상태로 남기고 별도 acquisition tranche에서 다룹니다.
c4eb8b2f-015e-514c-9caf-4b3f5466fe01:entities.representative_image,TIOT,tiot,group,longtail,tier_2,false,latest,entities.representative_image,Representative Image,0,true,unresolved,,dependable source를 찾기 전까지 unresolved 상태로 남기고 별도 acquisition tranche에서 다룹니다.
93c216d4-1665-5f10-8cf7-98b8728d6ebf:entities.representative_image,TNX,tnx,group,longtail,tier_2,false,latest,entities.representative_image,Representative Image,0,true,unresolved,,dependable source를 찾기 전까지 unresolved 상태로 남기고 별도 acquisition tranche에서 다룹니다.
80fa360c-0bdb-5cfc-9172-6c40e889e401:entities.representative_image,TRENDZ,trendz,group,longtail,tier_2,false,latest,entities.representative_image,Representative Image,0,true,unresolved,teamBadgeAssets.badge_image_url,existing structured source 후보를 canonical entity data로 승격할지 검토합니다.
1824eff1-9f8a-590c-8655-10ed9c61527f:entities.representative_image,TUNEXX,tunexx,group,unknown,tier_2,false,latest,entities.representative_image,Representative Image,0,true,unresolved,,dependable source를 찾기 전까지 unresolved 상태로 남기고 별도 acquisition tranche에서 다룹니다.
48704c1a-8b80-5913-ac98-3d653cd7bcad:entities.representative_image,VERIVERY,verivery,group,longtail,tier_2,false,latest,entities.representative_image,Representative Image,0,true,unresolved,teamBadgeAssets.badge_image_url,existing structured source 후보를 canonical entity data로 승격할지 검토합니다.
8d398cdb-c8e1-59bf-92ec-5fde2dd704a1:entities.representative_image,WayV,wayv,group,core,tier_2,false,historical,entities.representative_image,Representative Image,0,true,unresolved,teamBadgeAssets.badge_image_url,existing structured source 후보를 canonical entity data로 승격할지 검토합니다.
1525e857-2dc0-585c-8337-be8779bb3ff3:entities.representative_image,Weeekly,weeekly,group,longtail,tier_2,false,recent,entities.representative_image,Representative Image,0,true,unresolved,teamBadgeAssets.badge_image_url,existing structured source 후보를 canonical entity data로 승격할지 검토합니다.
40a93634-c054-5b0a-9a84-09cec6cd031e:entities.representative_image,WEi,wei,group,longtail,tier_2,false,latest,entities.representative_image,Representative Image,0,true,unresolved,,dependable source를 찾기 전까지 unresolved 상태로 남기고 별도 acquisition tranche에서 다룹니다.
886c0a26-ddbe-5065-95b4-170d684befb8:entities.representative_image,WJSN,wjsn,group,unknown,tier_2,false,latest,entities.representative_image,Representative Image,0,true,unresolved,,dependable source를 찾기 전까지 unresolved 상태로 남기고 별도 acquisition tranche에서 다룹니다.
1c5bd673-0420-513d-809c-5bb9ed578040:entities.representative_image,woo!ah!,woo-ah,group,longtail,tier_2,false,recent,entities.representative_image,Representative Image,0,true,unresolved,teamBadgeAssets.badge_image_url,existing structured source 후보를 canonical entity data로 승격할지 검토합니다.
191735ed-d3d6-5687-9dd1-7006904b0f27:entities.representative_image,XLOV,xlov,group,longtail,tier_2,false,latest,entities.representative_image,Representative Image,0,true,unresolved,,dependable source를 찾기 전까지 unresolved 상태로 남기고 별도 acquisition tranche에서 다룹니다.
1874997a-2c5d-5c53-b954-3bf43591c0a1:entities.representative_image,YOUNITE,younite,group,longtail,tier_2,false,latest,entities.representative_image,Representative Image,0,true,unresolved,,dependable source를 찾기 전까지 unresolved 상태로 남기고 별도 acquisition tranche에서 다룹니다.
ce8cbb05-3b7b-56bd-b755-a1622f9aca2e:entities.official_youtube,ALLDAY PROJECT,allday-project,project,unknown,tier_2,false,latest,entities.official_youtube,Official YouTube,1,true,unresolved,,dependable source를 찾기 전까지 unresolved 상태로 남기고 별도 acquisition tranche에서 다룹니다.
05fce9f2-276a-53cc-9810-2627e8d035f9:entities.official_youtube,ARTMS,artms,unit,longtail,tier_2,false,latest,entities.official_youtube,Official YouTube,1,true,unresolved,,dependable source를 찾기 전까지 unresolved 상태로 남기고 별도 acquisition tranche에서 다룹니다.
74351ddc-7ad7-55d4-992a-47297564121b:entities.official_youtube,BLITZERS,blitzers,group,longtail,tier_2,false,recent,entities.official_youtube,Official YouTube,1,true,unresolved,,dependable source를 찾기 전까지 unresolved 상태로 남기고 별도 acquisition tranche에서 다룹니다.
e9728dea-ff17-57d2-8b8e-4776d4039797:entities.official_youtube,CLOSE YOUR EYES,close-your-eyes,group,unknown,tier_2,false,latest,entities.official_youtube,Official YouTube,1,true,unresolved,,dependable source를 찾기 전까지 unresolved 상태로 남기고 별도 acquisition tranche에서 다룹니다.
48555f2f-aecf-5144-99df-effe1827093e:entities.official_youtube,DRIPPIN,drippin,group,longtail,tier_2,false,recent,entities.official_youtube,Official YouTube,1,true,unresolved,,dependable source를 찾기 전까지 unresolved 상태로 남기고 별도 acquisition tranche에서 다룹니다.
63415710-b430-5dab-8f05-619568e5cafa:entities.official_youtube,DXMON,dxmon,group,longtail,tier_2,false,recent,entities.official_youtube,Official YouTube,1,true,unresolved,,dependable source를 찾기 전까지 unresolved 상태로 남기고 별도 acquisition tranche에서 다룹니다.
69a2d970-7298-5358-aa93-974aa9f6637d:entities.official_youtube,Loossemble,loossemble,group,longtail,tier_2,false,recent,entities.official_youtube,Official YouTube,1,true,unresolved,,dependable source를 찾기 전까지 unresolved 상태로 남기고 별도 acquisition tranche에서 다룹니다.
02b6344c-8516-5bab-8b42-76380d4d31ff:entities.official_youtube,NOMAD,nomad,group,longtail,tier_2,false,recent,entities.official_youtube,Official YouTube,1,true,unresolved,,dependable source를 찾기 전까지 unresolved 상태로 남기고 별도 acquisition tranche에서 다룹니다.
25672a1e-8fbf-56b8-b146-c05b23d72f46:entities.official_youtube,SAY MY NAME,say-my-name,group,longtail,tier_2,false,latest,entities.official_youtube,Official YouTube,1,true,unresolved,,dependable source를 찾기 전까지 unresolved 상태로 남기고 별도 acquisition tranche에서 다룹니다.
ccc1be42-2ec8-5624-80eb-e5d30f5eb256:entities.official_youtube,TEMPEST,tempest,group,longtail,tier_2,false,latest,entities.official_youtube,Official YouTube,1,true,unresolved,,dependable source를 찾기 전까지 unresolved 상태로 남기고 별도 acquisition tranche에서 다룹니다.
2f36e68e-6701-5aa6-b50c-ece267e5e346:entities.official_youtube,The KingDom,the-kingdom,group,longtail,tier_2,false,latest,entities.official_youtube,Official YouTube,1,true,unresolved,,dependable source를 찾기 전까지 unresolved 상태로 남기고 별도 acquisition tranche에서 다룹니다.
93c216d4-1665-5f10-8cf7-98b8728d6ebf:entities.official_youtube,TNX,tnx,group,longtail,tier_2,false,latest,entities.official_youtube,Official YouTube,1,true,unresolved,,dependable source를 찾기 전까지 unresolved 상태로 남기고 별도 acquisition tranche에서 다룹니다.
40a93634-c054-5b0a-9a84-09cec6cd031e:entities.official_youtube,WEi,wei,group,longtail,tier_2,false,latest,entities.official_youtube,Official YouTube,1,true,unresolved,,dependable source를 찾기 전까지 unresolved 상태로 남기고 별도 acquisition tranche에서 다룹니다.
886c0a26-ddbe-5065-95b4-170d684befb8:entities.official_youtube,WJSN,wjsn,group,unknown,tier_2,false,latest,entities.official_youtube,Official YouTube,1,true,unresolved,,dependable source를 찾기 전까지 unresolved 상태로 남기고 별도 acquisition tranche에서 다룹니다.
1874997a-2c5d-5c53-b954-3bf43591c0a1:entities.official_youtube,YOUNITE,younite,group,longtail,tier_2,false,latest,entities.official_youtube,Official YouTube,1,true,unresolved,,dependable source를 찾기 전까지 unresolved 상태로 남기고 별도 acquisition tranche에서 다룹니다.
ce8cbb05-3b7b-56bd-b755-a1622f9aca2e:entities.official_x,ALLDAY PROJECT,allday-project,project,unknown,tier_2,false,latest,entities.official_x,Official X,2,true,unresolved,,dependable source를 찾기 전까지 unresolved 상태로 남기고 별도 acquisition tranche에서 다룹니다.
e9728dea-ff17-57d2-8b8e-4776d4039797:entities.official_x,CLOSE YOUR EYES,close-your-eyes,group,unknown,tier_2,false,latest,entities.official_x,Official X,2,true,unresolved,,dependable source를 찾기 전까지 unresolved 상태로 남기고 별도 acquisition tranche에서 다룹니다.
ce8cbb05-3b7b-56bd-b755-a1622f9aca2e:entities.official_instagram,ALLDAY PROJECT,allday-project,project,unknown,tier_2,false,latest,entities.official_instagram,Official Instagram,3,true,unresolved,,dependable source를 찾기 전까지 unresolved 상태로 남기고 별도 acquisition tranche에서 다룹니다.
4cd86bd6-deee-5259-8f66-a331c68d1e5b:entities.agency_name,82MAJOR,82major,group,longtail,tier_2,false,latest,entities.agency_name,Agency,4,false,unresolved,,dependable source를 찾기 전까지 unresolved 상태로 남기고 별도 acquisition tranche에서 다룹니다.
68cd5c55-a215-5eec-a726-8610b6ad8002:entities.agency_name,8TURN,8turn,group,longtail,tier_2,false,latest,entities.agency_name,Agency,4,false,unresolved,,dependable source를 찾기 전까지 unresolved 상태로 남기고 별도 acquisition tranche에서 다룹니다.
ce8cbb05-3b7b-56bd-b755-a1622f9aca2e:entities.agency_name,ALLDAY PROJECT,allday-project,project,unknown,tier_2,false,latest,entities.agency_name,Agency,4,false,unresolved,,dependable source를 찾기 전까지 unresolved 상태로 남기고 별도 acquisition tranche에서 다룹니다.
b63634c5-959c-5b92-86f6-8484113e6cbf:entities.agency_name,BADVILLAIN,badvillain,group,longtail,tier_2,false,latest,entities.agency_name,Agency,4,false,unresolved,,dependable source를 찾기 전까지 unresolved 상태로 남기고 별도 acquisition tranche에서 다룹니다.
6aba24f0-569a-5ca9-9d08-36484252b543:entities.agency_name,BAE173,bae173,group,longtail,tier_2,false,latest,entities.agency_name,Agency,4,false,unresolved,,dependable source를 찾기 전까지 unresolved 상태로 남기고 별도 acquisition tranche에서 다룹니다.
74351ddc-7ad7-55d4-992a-47297564121b:entities.agency_name,BLITZERS,blitzers,group,longtail,tier_2,false,recent,entities.agency_name,Agency,4,false,unresolved,,dependable source를 찾기 전까지 unresolved 상태로 남기고 별도 acquisition tranche에서 다룹니다.
cfb737b2-dc12-5e8f-a106-92b86de99580:entities.agency_name,BTOB,btob,group,core,tier_2,false,recent,entities.agency_name,Agency,4,false,unresolved,,dependable source를 찾기 전까지 unresolved 상태로 남기고 별도 acquisition tranche에서 다룹니다.
1b2021c3-0f1e-5e4b-aef3-660d98f2f590:entities.agency_name,cignature,cignature,group,longtail,tier_2,false,recent,entities.agency_name,Agency,4,false,unresolved,,dependable source를 찾기 전까지 unresolved 상태로 남기고 별도 acquisition tranche에서 다룹니다.
020a004e-6451-56ff-af6c-c9fc79c95c3d:entities.agency_name,CLASS:y,class-y,group,longtail,tier_2,false,recent,entities.agency_name,Agency,4,false,unresolved,,dependable source를 찾기 전까지 unresolved 상태로 남기고 별도 acquisition tranche에서 다룹니다.
6e5b23e5-794d-588f-9dc5-881193526f28:entities.agency_name,DKB,dkb,group,longtail,tier_2,false,latest,entities.agency_name,Agency,4,false,unresolved,,dependable source를 찾기 전까지 unresolved 상태로 남기고 별도 acquisition tranche에서 다룹니다.
a07bc77d-249d-5f10-abcf-1c3c366400ed:entities.agency_name,Dreamcatcher,dreamcatcher,group,core,tier_2,false,recent,entities.agency_name,Agency,4,false,unresolved,,dependable source를 찾기 전까지 unresolved 상태로 남기고 별도 acquisition tranche에서 다룹니다.
63415710-b430-5dab-8f05-619568e5cafa:entities.agency_name,DXMON,dxmon,group,longtail,tier_2,false,recent,entities.agency_name,Agency,4,false,unresolved,,dependable source를 찾기 전까지 unresolved 상태로 남기고 별도 acquisition tranche에서 다룹니다.
efb4daed-60bc-513d-9143-f3fcab24826d:entities.agency_name,EPEX,epex,group,longtail,tier_2,false,latest,entities.agency_name,Agency,4,false,unresolved,,dependable source를 찾기 전까지 unresolved 상태로 남기고 별도 acquisition tranche에서 다룹니다.
6e23e0a6-6489-5816-8e16-0d3a600aa210:entities.agency_name,GHOST9,ghost9,group,longtail,tier_2,false,recent,entities.agency_name,Agency,4,false,unresolved,,dependable source를 찾기 전까지 unresolved 상태로 남기고 별도 acquisition tranche에서 다룹니다.
7c0260f6-0906-5832-bf65-9a4e4047ba0e:entities.agency_name,INFINITE,infinite,group,core,tier_2,false,recent,entities.agency_name,Agency,4,false,unresolved,,dependable source를 찾기 전까지 unresolved 상태로 남기고 별도 acquisition tranche에서 다룹니다.
69a2d970-7298-5358-aa93-974aa9f6637d:entities.agency_name,Loossemble,loossemble,group,longtail,tier_2,false,recent,entities.agency_name,Agency,4,false,unresolved,,dependable source를 찾기 전까지 unresolved 상태로 남기고 별도 acquisition tranche에서 다룹니다.
d4b0497d-31c1-5cba-986a-7bd699f9787e:entities.agency_name,LUN8,lun8,group,longtail,tier_2,false,latest,entities.agency_name,Agency,4,false,unresolved,,dependable source를 찾기 전까지 unresolved 상태로 남기고 별도 acquisition tranche에서 다룹니다.
60fa4cc5-880e-5069-b070-3c7b52d8e390:entities.agency_name,MCND,mcnd,group,longtail,tier_2,false,recent,entities.agency_name,Agency,4,false,unresolved,,dependable source를 찾기 전까지 unresolved 상태로 남기고 별도 acquisition tranche에서 다룹니다.
897c43ef-5e03-5fd6-be43-a0a4ae236b88:entities.agency_name,NewJeans,newjeans,group,core,tier_2,false,recent,entities.agency_name,Agency,4,false,unresolved,,dependable source를 찾기 전까지 unresolved 상태로 남기고 별도 acquisition tranche에서 다룹니다.
02b6344c-8516-5bab-8b42-76380d4d31ff:entities.agency_name,NOMAD,nomad,group,longtail,tier_2,false,recent,entities.agency_name,Agency,4,false,unresolved,,dependable source를 찾기 전까지 unresolved 상태로 남기고 별도 acquisition tranche에서 다룹니다.
da9c0a8e-6c6e-540f-abba-5da493bed734:entities.agency_name,ONEWE,onewe,group,longtail,tier_2,false,latest,entities.agency_name,Agency,4,false,unresolved,,dependable source를 찾기 전까지 unresolved 상태로 남기고 별도 acquisition tranche에서 다룹니다.
ff2be755-8a51-5c89-9cf5-e22fdea348ed:entities.agency_name,Purple Kiss,purple-kiss,group,longtail,tier_2,false,latest,entities.agency_name,Agency,4,false,unresolved,,dependable source를 찾기 전까지 unresolved 상태로 남기고 별도 acquisition tranche에서 다룹니다.
25672a1e-8fbf-56b8-b146-c05b23d72f46:entities.agency_name,SAY MY NAME,say-my-name,group,longtail,tier_2,false,latest,entities.agency_name,Agency,4,false,unresolved,,dependable source를 찾기 전까지 unresolved 상태로 남기고 별도 acquisition tranche에서 다룹니다.
2f36e68e-6701-5aa6-b50c-ece267e5e346:entities.agency_name,The KingDom,the-kingdom,group,longtail,tier_2,false,latest,entities.agency_name,Agency,4,false,unresolved,,dependable source를 찾기 전까지 unresolved 상태로 남기고 별도 acquisition tranche에서 다룹니다.
c4eb8b2f-015e-514c-9caf-4b3f5466fe01:entities.agency_name,TIOT,tiot,group,longtail,tier_2,false,latest,entities.agency_name,Agency,4,false,unresolved,,dependable source를 찾기 전까지 unresolved 상태로 남기고 별도 acquisition tranche에서 다룹니다.
93c216d4-1665-5f10-8cf7-98b8728d6ebf:entities.agency_name,TNX,tnx,group,longtail,tier_2,false,latest,entities.agency_name,Agency,4,false,unresolved,,dependable source를 찾기 전까지 unresolved 상태로 남기고 별도 acquisition tranche에서 다룹니다.
80fa360c-0bdb-5cfc-9172-6c40e889e401:entities.agency_name,TRENDZ,trendz,group,longtail,tier_2,false,latest,entities.agency_name,Agency,4,false,unresolved,,dependable source를 찾기 전까지 unresolved 상태로 남기고 별도 acquisition tranche에서 다룹니다.
48704c1a-8b80-5913-ac98-3d653cd7bcad:entities.agency_name,VERIVERY,verivery,group,longtail,tier_2,false,latest,entities.agency_name,Agency,4,false,unresolved,,dependable source를 찾기 전까지 unresolved 상태로 남기고 별도 acquisition tranche에서 다룹니다.
1525e857-2dc0-585c-8337-be8779bb3ff3:entities.agency_name,Weeekly,weeekly,group,longtail,tier_2,false,recent,entities.agency_name,Agency,4,false,unresolved,,dependable source를 찾기 전까지 unresolved 상태로 남기고 별도 acquisition tranche에서 다룹니다.
40a93634-c054-5b0a-9a84-09cec6cd031e:entities.agency_name,WEi,wei,group,longtail,tier_2,false,latest,entities.agency_name,Agency,4,false,unresolved,,dependable source를 찾기 전까지 unresolved 상태로 남기고 별도 acquisition tranche에서 다룹니다.
1c5bd673-0420-513d-809c-5bb9ed578040:entities.agency_name,woo!ah!,woo-ah,group,longtail,tier_2,false,recent,entities.agency_name,Agency,4,false,unresolved,,dependable source를 찾기 전까지 unresolved 상태로 남기고 별도 acquisition tranche에서 다룹니다.
4cd86bd6-deee-5259-8f66-a331c68d1e5b:entities.debut_year,82MAJOR,82major,group,longtail,tier_2,false,latest,entities.debut_year,Debut Year,5,false,unresolved,,dependable source를 찾기 전까지 unresolved 상태로 남기고 별도 acquisition tranche에서 다룹니다.
68cd5c55-a215-5eec-a726-8610b6ad8002:entities.debut_year,8TURN,8turn,group,longtail,tier_2,false,latest,entities.debut_year,Debut Year,5,false,unresolved,,dependable source를 찾기 전까지 unresolved 상태로 남기고 별도 acquisition tranche에서 다룹니다.
b0b269ed-b188-5972-bda8-19658d39d593:entities.debut_year,AMPERS&ONE,ampers-and-one,group,longtail,tier_2,false,latest,entities.debut_year,Debut Year,5,false,unresolved,,dependable source를 찾기 전까지 unresolved 상태로 남기고 별도 acquisition tranche에서 다룹니다.
05fce9f2-276a-53cc-9810-2627e8d035f9:entities.debut_year,ARTMS,artms,unit,longtail,tier_2,false,latest,entities.debut_year,Debut Year,5,false,unresolved,,dependable source를 찾기 전까지 unresolved 상태로 남기고 별도 acquisition tranche에서 다룹니다.
ea80bd7b-0f04-5c3f-ae24-b7d24a43fe4c:entities.debut_year,ATBO,atbo,group,longtail,tier_2,false,recent,entities.debut_year,Debut Year,5,false,unresolved,,dependable source를 찾기 전까지 unresolved 상태로 남기고 별도 acquisition tranche에서 다룹니다.
b63634c5-959c-5b92-86f6-8484113e6cbf:entities.debut_year,BADVILLAIN,badvillain,group,longtail,tier_2,false,latest,entities.debut_year,Debut Year,5,false,unresolved,,dependable source를 찾기 전까지 unresolved 상태로 남기고 별도 acquisition tranche에서 다룹니다.
6aba24f0-569a-5ca9-9d08-36484252b543:entities.debut_year,BAE173,bae173,group,longtail,tier_2,false,latest,entities.debut_year,Debut Year,5,false,unresolved,,dependable source를 찾기 전까지 unresolved 상태로 남기고 별도 acquisition tranche에서 다룹니다.
74351ddc-7ad7-55d4-992a-47297564121b:entities.debut_year,BLITZERS,blitzers,group,longtail,tier_2,false,recent,entities.debut_year,Debut Year,5,false,unresolved,,dependable source를 찾기 전까지 unresolved 상태로 남기고 별도 acquisition tranche에서 다룹니다.
cfb737b2-dc12-5e8f-a106-92b86de99580:entities.debut_year,BTOB,btob,group,core,tier_2,false,recent,entities.debut_year,Debut Year,5,false,unresolved,,dependable source를 찾기 전까지 unresolved 상태로 남기고 별도 acquisition tranche에서 다룹니다.
1b2021c3-0f1e-5e4b-aef3-660d98f2f590:entities.debut_year,cignature,cignature,group,longtail,tier_2,false,recent,entities.debut_year,Debut Year,5,false,unresolved,,dependable source를 찾기 전까지 unresolved 상태로 남기고 별도 acquisition tranche에서 다룹니다.
03f59482-2bc4-5632-87a4-c312d256d165:entities.debut_year,CIX,cix,group,longtail,tier_2,false,latest,entities.debut_year,Debut Year,5,false,unresolved,,dependable source를 찾기 전까지 unresolved 상태로 남기고 별도 acquisition tranche에서 다룹니다.
020a004e-6451-56ff-af6c-c9fc79c95c3d:entities.debut_year,CLASS:y,class-y,group,longtail,tier_2,false,recent,entities.debut_year,Debut Year,5,false,unresolved,,dependable source를 찾기 전까지 unresolved 상태로 남기고 별도 acquisition tranche에서 다룹니다.
6e5b23e5-794d-588f-9dc5-881193526f28:entities.debut_year,DKB,dkb,group,longtail,tier_2,false,latest,entities.debut_year,Debut Year,5,false,unresolved,,dependable source를 찾기 전까지 unresolved 상태로 남기고 별도 acquisition tranche에서 다룹니다.
a07bc77d-249d-5f10-abcf-1c3c366400ed:entities.debut_year,Dreamcatcher,dreamcatcher,group,core,tier_2,false,recent,entities.debut_year,Debut Year,5,false,unresolved,,dependable source를 찾기 전까지 unresolved 상태로 남기고 별도 acquisition tranche에서 다룹니다.
48555f2f-aecf-5144-99df-effe1827093e:entities.debut_year,DRIPPIN,drippin,group,longtail,tier_2,false,recent,entities.debut_year,Debut Year,5,false,unresolved,,dependable source를 찾기 전까지 unresolved 상태로 남기고 별도 acquisition tranche에서 다룹니다.
63415710-b430-5dab-8f05-619568e5cafa:entities.debut_year,DXMON,dxmon,group,longtail,tier_2,false,recent,entities.debut_year,Debut Year,5,false,unresolved,,dependable source를 찾기 전까지 unresolved 상태로 남기고 별도 acquisition tranche에서 다룹니다.
efb4daed-60bc-513d-9143-f3fcab24826d:entities.debut_year,EPEX,epex,group,longtail,tier_2,false,latest,entities.debut_year,Debut Year,5,false,unresolved,,dependable source를 찾기 전까지 unresolved 상태로 남기고 별도 acquisition tranche에서 다룹니다.
6e23e0a6-6489-5816-8e16-0d3a600aa210:entities.debut_year,GHOST9,ghost9,group,longtail,tier_2,false,recent,entities.debut_year,Debut Year,5,false,unresolved,,dependable source를 찾기 전까지 unresolved 상태로 남기고 별도 acquisition tranche에서 다룹니다.
7c0260f6-0906-5832-bf65-9a4e4047ba0e:entities.debut_year,INFINITE,infinite,group,core,tier_2,false,recent,entities.debut_year,Debut Year,5,false,unresolved,,dependable source를 찾기 전까지 unresolved 상태로 남기고 별도 acquisition tranche에서 다룹니다.
8177f867-7b23-5411-9170-1af6a6dc3d18:entities.debut_year,izna,izna,group,longtail,tier_2,false,latest,entities.debut_year,Debut Year,5,false,unresolved,,dependable source를 찾기 전까지 unresolved 상태로 남기고 별도 acquisition tranche에서 다룹니다.
f2d19b0c-acf5-527f-9d7a-f95490ab7bb3:entities.debut_year,LIGHTSUM,lightsum,group,longtail,tier_2,false,latest,entities.debut_year,Debut Year,5,false,unresolved,,dependable source를 찾기 전까지 unresolved 상태로 남기고 별도 acquisition tranche에서 다룹니다.
69a2d970-7298-5358-aa93-974aa9f6637d:entities.debut_year,Loossemble,loossemble,group,longtail,tier_2,false,recent,entities.debut_year,Debut Year,5,false,unresolved,,dependable source를 찾기 전까지 unresolved 상태로 남기고 별도 acquisition tranche에서 다룹니다.
d4b0497d-31c1-5cba-986a-7bd699f9787e:entities.debut_year,LUN8,lun8,group,longtail,tier_2,false,latest,entities.debut_year,Debut Year,5,false,unresolved,,dependable source를 찾기 전까지 unresolved 상태로 남기고 별도 acquisition tranche에서 다룹니다.
60fa4cc5-880e-5069-b070-3c7b52d8e390:entities.debut_year,MCND,mcnd,group,longtail,tier_2,false,recent,entities.debut_year,Debut Year,5,false,unresolved,,dependable source를 찾기 전까지 unresolved 상태로 남기고 별도 acquisition tranche에서 다룹니다.
1b5f3b1d-0071-5663-95ae-8d91c6dc38cc:entities.debut_year,NCT 127,nct-127,group,core,tier_2,false,recent,entities.debut_year,Debut Year,5,false,unresolved,,dependable source를 찾기 전까지 unresolved 상태로 남기고 별도 acquisition tranche에서 다룹니다.
897c43ef-5e03-5fd6-be43-a0a4ae236b88:entities.debut_year,NewJeans,newjeans,group,core,tier_2,false,recent,entities.debut_year,Debut Year,5,false,unresolved,,dependable source를 찾기 전까지 unresolved 상태로 남기고 별도 acquisition tranche에서 다룹니다.
02b6344c-8516-5bab-8b42-76380d4d31ff:entities.debut_year,NOMAD,nomad,group,longtail,tier_2,false,recent,entities.debut_year,Debut Year,5,false,unresolved,,dependable source를 찾기 전까지 unresolved 상태로 남기고 별도 acquisition tranche에서 다룹니다.
da9c0a8e-6c6e-540f-abba-5da493bed734:entities.debut_year,ONEWE,onewe,group,longtail,tier_2,false,latest,entities.debut_year,Debut Year,5,false,unresolved,,dependable source를 찾기 전까지 unresolved 상태로 남기고 별도 acquisition tranche에서 다룹니다.
e9c89c11-8105-54a8-9861-cc5e32f27e36:entities.debut_year,ONF,onf,group,longtail,tier_2,false,latest,entities.debut_year,Debut Year,5,false,unresolved,,dependable source를 찾기 전까지 unresolved 상태로 남기고 별도 acquisition tranche에서 다룹니다.
ff2be755-8a51-5c89-9cf5-e22fdea348ed:entities.debut_year,Purple Kiss,purple-kiss,group,longtail,tier_2,false,latest,entities.debut_year,Debut Year,5,false,unresolved,,dependable source를 찾기 전까지 unresolved 상태로 남기고 별도 acquisition tranche에서 다룹니다.
25672a1e-8fbf-56b8-b146-c05b23d72f46:entities.debut_year,SAY MY NAME,say-my-name,group,longtail,tier_2,false,latest,entities.debut_year,Debut Year,5,false,unresolved,,dependable source를 찾기 전까지 unresolved 상태로 남기고 별도 acquisition tranche에서 다룹니다.
ccc1be42-2ec8-5624-80eb-e5d30f5eb256:entities.debut_year,TEMPEST,tempest,group,longtail,tier_2,false,latest,entities.debut_year,Debut Year,5,false,unresolved,,dependable source를 찾기 전까지 unresolved 상태로 남기고 별도 acquisition tranche에서 다룹니다.
2f36e68e-6701-5aa6-b50c-ece267e5e346:entities.debut_year,The KingDom,the-kingdom,group,longtail,tier_2,false,latest,entities.debut_year,Debut Year,5,false,unresolved,,dependable source를 찾기 전까지 unresolved 상태로 남기고 별도 acquisition tranche에서 다룹니다.
c4eb8b2f-015e-514c-9caf-4b3f5466fe01:entities.debut_year,TIOT,tiot,group,longtail,tier_2,false,latest,entities.debut_year,Debut Year,5,false,unresolved,,dependable source를 찾기 전까지 unresolved 상태로 남기고 별도 acquisition tranche에서 다룹니다.
93c216d4-1665-5f10-8cf7-98b8728d6ebf:entities.debut_year,TNX,tnx,group,longtail,tier_2,false,latest,entities.debut_year,Debut Year,5,false,unresolved,,dependable source를 찾기 전까지 unresolved 상태로 남기고 별도 acquisition tranche에서 다룹니다.
80fa360c-0bdb-5cfc-9172-6c40e889e401:entities.debut_year,TRENDZ,trendz,group,longtail,tier_2,false,latest,entities.debut_year,Debut Year,5,false,unresolved,,dependable source를 찾기 전까지 unresolved 상태로 남기고 별도 acquisition tranche에서 다룹니다.
1824eff1-9f8a-590c-8655-10ed9c61527f:entities.debut_year,TUNEXX,tunexx,group,unknown,tier_2,false,latest,entities.debut_year,Debut Year,5,false,unresolved,,dependable source를 찾기 전까지 unresolved 상태로 남기고 별도 acquisition tranche에서 다룹니다.
48704c1a-8b80-5913-ac98-3d653cd7bcad:entities.debut_year,VERIVERY,verivery,group,longtail,tier_2,false,latest,entities.debut_year,Debut Year,5,false,unresolved,,dependable source를 찾기 전까지 unresolved 상태로 남기고 별도 acquisition tranche에서 다룹니다.
8d398cdb-c8e1-59bf-92ec-5fde2dd704a1:entities.debut_year,WayV,wayv,group,core,tier_2,false,historical,entities.debut_year,Debut Year,5,false,unresolved,,dependable source를 찾기 전까지 unresolved 상태로 남기고 별도 acquisition tranche에서 다룹니다.
1525e857-2dc0-585c-8337-be8779bb3ff3:entities.debut_year,Weeekly,weeekly,group,longtail,tier_2,false,recent,entities.debut_year,Debut Year,5,false,unresolved,,dependable source를 찾기 전까지 unresolved 상태로 남기고 별도 acquisition tranche에서 다룹니다.
40a93634-c054-5b0a-9a84-09cec6cd031e:entities.debut_year,WEi,wei,group,longtail,tier_2,false,latest,entities.debut_year,Debut Year,5,false,unresolved,,dependable source를 찾기 전까지 unresolved 상태로 남기고 별도 acquisition tranche에서 다룹니다.
886c0a26-ddbe-5065-95b4-170d684befb8:entities.debut_year,WJSN,wjsn,group,unknown,tier_2,false,latest,entities.debut_year,Debut Year,5,false,unresolved,,dependable source를 찾기 전까지 unresolved 상태로 남기고 별도 acquisition tranche에서 다룹니다.
1c5bd673-0420-513d-809c-5bb9ed578040:entities.debut_year,woo!ah!,woo-ah,group,longtail,tier_2,false,recent,entities.debut_year,Debut Year,5,false,unresolved,,dependable source를 찾기 전까지 unresolved 상태로 남기고 별도 acquisition tranche에서 다룹니다.
1874997a-2c5d-5c53-b954-3bf43591c0a1:entities.debut_year,YOUNITE,younite,group,longtail,tier_2,false,latest,entities.debut_year,Debut Year,5,false,unresolved,,dependable source를 찾기 전까지 unresolved 상태로 남기고 별도 acquisition tranche에서 다룹니다.
3c445e10-c98a-576c-b45d-559832cb6465:entities.representative_image,CHUNG HA,chung-ha,solo,solo,tier_3,false,unknown,entities.representative_image,Representative Image,0,true,unresolved,,dependable source를 찾기 전까지 unresolved 상태로 남기고 별도 acquisition tranche에서 다룹니다.
cfaebd50-9511-54b1-9e37-0dd875e4e01a:entities.representative_image,CHUU,chuu,solo,unknown,tier_3,false,unknown,entities.representative_image,Representative Image,0,true,unresolved,,dependable source를 찾기 전까지 unresolved 상태로 남기고 별도 acquisition tranche에서 다룹니다.
7960400c-1d0c-5330-82a4-721b994608aa:entities.representative_image,CSR,csr,group,longtail,tier_3,false,unknown,entities.representative_image,Representative Image,0,true,unresolved,,dependable source를 찾기 전까지 unresolved 상태로 남기고 별도 acquisition tranche에서 다룹니다.
ba864546-327f-59ad-89f1-71f64c5ea318:entities.representative_image,JEON SOMI,jeon-somi,solo,unknown,tier_3,false,unknown,entities.representative_image,Representative Image,0,true,unresolved,,dependable source를 찾기 전까지 unresolved 상태로 남기고 별도 acquisition tranche에서 다룹니다.
b6f38bfb-f91c-584d-a21d-18c1fb02341c:entities.representative_image,JUST B,just-b,group,longtail,tier_3,false,historical,entities.representative_image,Representative Image,0,true,unresolved,,dependable source를 찾기 전까지 unresolved 상태로 남기고 별도 acquisition tranche에서 다룹니다.
107f6f8b-e3dc-5f79-92ba-0874627e59bd:entities.representative_image,KWON EUNBI,kwon-eunbi,solo,unknown,tier_3,false,unknown,entities.representative_image,Representative Image,0,true,unresolved,,dependable source를 찾기 전까지 unresolved 상태로 남기고 별도 acquisition tranche에서 다룹니다.
2d4726cd-a4c5-5847-84f7-5475320d48f9:entities.representative_image,YUJU,yuju,solo,unknown,tier_3,false,unknown,entities.representative_image,Representative Image,0,true,unresolved,,dependable source를 찾기 전까지 unresolved 상태로 남기고 별도 acquisition tranche에서 다룹니다.
a08b76a3-4a97-594e-8347-e1414a81ed73:entities.representative_image,Yves,yves,solo,unknown,tier_3,false,unknown,entities.representative_image,Representative Image,0,true,unresolved,,dependable source를 찾기 전까지 unresolved 상태로 남기고 별도 acquisition tranche에서 다룹니다.
7960400c-1d0c-5330-82a4-721b994608aa:entities.official_youtube,CSR,csr,group,longtail,tier_3,false,unknown,entities.official_youtube,Official YouTube,1,true,unresolved,,dependable source를 찾기 전까지 unresolved 상태로 남기고 별도 acquisition tranche에서 다룹니다.
b6f38bfb-f91c-584d-a21d-18c1fb02341c:entities.official_youtube,JUST B,just-b,group,longtail,tier_3,false,historical,entities.official_youtube,Official YouTube,1,true,unresolved,,dependable source를 찾기 전까지 unresolved 상태로 남기고 별도 acquisition tranche에서 다룹니다.
3c445e10-c98a-576c-b45d-559832cb6465:entities.official_x,CHUNG HA,chung-ha,solo,solo,tier_3,false,unknown,entities.official_x,Official X,2,true,unresolved,artist_socials_structured.x_url,existing structured source 후보를 canonical entity data로 승격할지 검토합니다.
cfaebd50-9511-54b1-9e37-0dd875e4e01a:entities.official_x,CHUU,chuu,solo,unknown,tier_3,false,unknown,entities.official_x,Official X,2,true,unresolved,,dependable source를 찾기 전까지 unresolved 상태로 남기고 별도 acquisition tranche에서 다룹니다.
ba864546-327f-59ad-89f1-71f64c5ea318:entities.official_x,JEON SOMI,jeon-somi,solo,unknown,tier_3,false,unknown,entities.official_x,Official X,2,true,unresolved,,dependable source를 찾기 전까지 unresolved 상태로 남기고 별도 acquisition tranche에서 다룹니다.
107f6f8b-e3dc-5f79-92ba-0874627e59bd:entities.official_x,KWON EUNBI,kwon-eunbi,solo,unknown,tier_3,false,unknown,entities.official_x,Official X,2,true,unresolved,,dependable source를 찾기 전까지 unresolved 상태로 남기고 별도 acquisition tranche에서 다룹니다.
2d4726cd-a4c5-5847-84f7-5475320d48f9:entities.official_x,YUJU,yuju,solo,unknown,tier_3,false,unknown,entities.official_x,Official X,2,true,unresolved,,dependable source를 찾기 전까지 unresolved 상태로 남기고 별도 acquisition tranche에서 다룹니다.
a08b76a3-4a97-594e-8347-e1414a81ed73:entities.official_x,Yves,yves,solo,unknown,tier_3,false,unknown,entities.official_x,Official X,2,true,unresolved,,dependable source를 찾기 전까지 unresolved 상태로 남기고 별도 acquisition tranche에서 다룹니다.
3c445e10-c98a-576c-b45d-559832cb6465:entities.agency_name,CHUNG HA,chung-ha,solo,solo,tier_3,false,unknown,entities.agency_name,Agency,4,false,unresolved,,dependable source를 찾기 전까지 unresolved 상태로 남기고 별도 acquisition tranche에서 다룹니다.
cfaebd50-9511-54b1-9e37-0dd875e4e01a:entities.agency_name,CHUU,chuu,solo,unknown,tier_3,false,unknown,entities.agency_name,Agency,4,false,unresolved,,dependable source를 찾기 전까지 unresolved 상태로 남기고 별도 acquisition tranche에서 다룹니다.
7960400c-1d0c-5330-82a4-721b994608aa:entities.agency_name,CSR,csr,group,longtail,tier_3,false,unknown,entities.agency_name,Agency,4,false,unresolved,,dependable source를 찾기 전까지 unresolved 상태로 남기고 별도 acquisition tranche에서 다룹니다.
ba864546-327f-59ad-89f1-71f64c5ea318:entities.agency_name,JEON SOMI,jeon-somi,solo,unknown,tier_3,false,unknown,entities.agency_name,Agency,4,false,unresolved,,dependable source를 찾기 전까지 unresolved 상태로 남기고 별도 acquisition tranche에서 다룹니다.
b6f38bfb-f91c-584d-a21d-18c1fb02341c:entities.agency_name,JUST B,just-b,group,longtail,tier_3,false,historical,entities.agency_name,Agency,4,false,unresolved,,dependable source를 찾기 전까지 unresolved 상태로 남기고 별도 acquisition tranche에서 다룹니다.
107f6f8b-e3dc-5f79-92ba-0874627e59bd:entities.agency_name,KWON EUNBI,kwon-eunbi,solo,unknown,tier_3,false,unknown,entities.agency_name,Agency,4,false,unresolved,,dependable source를 찾기 전까지 unresolved 상태로 남기고 별도 acquisition tranche에서 다룹니다.
2d4726cd-a4c5-5847-84f7-5475320d48f9:entities.agency_name,YUJU,yuju,solo,unknown,tier_3,false,unknown,entities.agency_name,Agency,4,false,unresolved,,dependable source를 찾기 전까지 unresolved 상태로 남기고 별도 acquisition tranche에서 다룹니다.
a08b76a3-4a97-594e-8347-e1414a81ed73:entities.agency_name,Yves,yves,solo,unknown,tier_3,false,unknown,entities.agency_name,Agency,4,false,unresolved,,dependable source를 찾기 전까지 unresolved 상태로 남기고 별도 acquisition tranche에서 다룹니다.
3c445e10-c98a-576c-b45d-559832cb6465:entities.debut_year,CHUNG HA,chung-ha,solo,solo,tier_3,false,unknown,entities.debut_year,Debut Year,5,false,unresolved,,dependable source를 찾기 전까지 unresolved 상태로 남기고 별도 acquisition tranche에서 다룹니다.
cfaebd50-9511-54b1-9e37-0dd875e4e01a:entities.debut_year,CHUU,chuu,solo,unknown,tier_3,false,unknown,entities.debut_year,Debut Year,5,false,unresolved,,dependable source를 찾기 전까지 unresolved 상태로 남기고 별도 acquisition tranche에서 다룹니다.
7960400c-1d0c-5330-82a4-721b994608aa:entities.debut_year,CSR,csr,group,longtail,tier_3,false,unknown,entities.debut_year,Debut Year,5,false,unresolved,,dependable source를 찾기 전까지 unresolved 상태로 남기고 별도 acquisition tranche에서 다룹니다.
ba864546-327f-59ad-89f1-71f64c5ea318:entities.debut_year,JEON SOMI,jeon-somi,solo,unknown,tier_3,false,unknown,entities.debut_year,Debut Year,5,false,unresolved,,dependable source를 찾기 전까지 unresolved 상태로 남기고 별도 acquisition tranche에서 다룹니다.
b6f38bfb-f91c-584d-a21d-18c1fb02341c:entities.debut_year,JUST B,just-b,group,longtail,tier_3,false,historical,entities.debut_year,Debut Year,5,false,unresolved,,dependable source를 찾기 전까지 unresolved 상태로 남기고 별도 acquisition tranche에서 다룹니다.
107f6f8b-e3dc-5f79-92ba-0874627e59bd:entities.debut_year,KWON EUNBI,kwon-eunbi,solo,unknown,tier_3,false,unknown,entities.debut_year,Debut Year,5,false,unresolved,,dependable source를 찾기 전까지 unresolved 상태로 남기고 별도 acquisition tranche에서 다룹니다.
2d4726cd-a4c5-5847-84f7-5475320d48f9:entities.debut_year,YUJU,yuju,solo,unknown,tier_3,false,unknown,entities.debut_year,Debut Year,5,false,unresolved,,dependable source를 찾기 전까지 unresolved 상태로 남기고 별도 acquisition tranche에서 다룹니다.
a08b76a3-4a97-594e-8347-e1414a81ed73:entities.debut_year,Yves,yves,solo,unknown,tier_3,false,unknown,entities.debut_year,Debut Year,5,false,unresolved,,dependable source를 찾기 전까지 unresolved 상태로 남기고 별도 acquisition tranche에서 다룹니다.
